"Month","Ashburton District","Auckland","Buller District","Carterton District","Central Hawkes Bay District","Central Otago District","Christchurch","Clutha District","Dunedin","Far North District","Franklin District","Gisborne District","Gore District","Grey District","Hamilton","Hastings District","Hauraki District","Horowhenua District","Hurunui District","Invercargill","Kaikoura District","Kaipara District","Kapiti Coast District","Kawerau District","Lower Hutt","Mackenzie District","Manawatu District","Manukau","Marlborough District","Masterton District","Matamata-Piako District","Napier","National Total","Nelson","New Plymouth District","North Shore","Opotiki District","Otorohanga District","Palmerston North","Papakura District","Porirua","Queenstown-Lakes District","Rangitikei District","Rodney District","Rotorua District","Ruapehu District","Selwyn District","South Taranaki District","South Waikato District","South Wairarapa District","Southland District","Stratford District","Tararua District","Tasman District","Taupo District","Tauranga District","Thames-Coromandel District","Timaru District","Upper Hutt","Waikato District","Waimakariri District","Waimate District","Waipa District","Wairoa District","Waitakere","Waitaki District","Waitomo District","Wanganui District","Wellington","Western Bay Of Plenty District","Westland District","Whakatane District","Whangarei District"
1993-01-01,112,200,92,92,NA,98,153,80,145,134,165,122,87,105,141,131,111,123,89,95,89,96,153,119,155,NA,124,199,134,113,113,138,157,150,132,210,106,NA,163,171,168,177,94,149,131,93,142,109,103,113,112,92,93,135,127,153,130,106,160,114,151,NA,138,90,177,96,90,126,197,126,NA,126,123
1993-02-01,98,205,83,93,100,103,158,76,167,124,150,123,98,116,140,138,124,122,NA,104,NA,102,158,115,165,NA,124,185,128,106,117,142,161,151,127,214,NA,NA,159,169,170,165,93,161,136,89,137,100,103,110,70,86,98,139,131,151,139,109,164,108,149,86,135,105,184,85,91,117,196,136,NA,129,125
1993-03-01,106,199,89,98,117,103,159,83,180,111,145,119,88,108,143,138,119,118,66,96,NA,104,150,118,167,NA,130,190,132,115,115,142,162,148,144,210,103,NA,168,174,179,159,103,162,131,88,157,124,103,106,62,99,98,127,131,157,123,100,149,104,146,NA,136,80,184,79,79,119,200,127,114,119,124
1993-04-01,117,201,89,98,104,113,153,85,161,120,156,122,83,116,140,140,124,122,83,100,99,113,147,107,170,67,121,181,130,112,121,141,160,152,134,219,109,NA,169,175,171,169,94,162,127,86,122,107,97,100,76,93,86,137,133,153,121,104,158,106,138,96,135,90,182,80,91,118,192,137,116,140,123
1993-05-01,125,210,78,95,107,111,155,81,146,121,154,121,88,106,147,144,104,122,115,104,101,97,155,116,165,NA,130,191,131,113,111,146,161,154,137,217,116,NA,153,173,162,162,98,168,129,93,253,102,106,108,84,89,103,159,134,154,124,106,143,110,141,78,136,95,186,82,83,118,209,128,NA,128,123
1993-06-01,97,202,98,115,118,110,155,81,135,119,154,122,89,105,146,139,122,127,104,105,NA,93,150,110,165,77,123,186,128,111,117,147,160,155,134,209,87,NA,157,182,173,164,110,164,130,97,145,107,106,91,67,102,105,144,136,154,123,108,155,111,144,NA,137,80,185,96,86,124,203,126,NA,131,124
1993-07-01,127,213,93,99,113,103,156,81,143,117,155,128,91,115,142,138,107,121,83,106,121,99,144,125,173,NA,135,194,131,115,110,142,162,150,133,217,103,NA,151,181,171,173,99,164,131,94,134,95,104,106,76,85,100,125,127,152,125,104,160,115,144,NA,136,95,183,88,85,120,199,132,100,130,118
1993-08-01,118,208,94,110,126,110,151,78,138,116,154,128,95,110,141,144,116,125,86,105,112,103,146,122,164,74,128,196,131,110,118,145,160,152,143,217,NA,90,149,178,160,206,102,162,132,97,132,110,112,106,67,97,96,145,129,156,123,115,151,107,142,96,141,100,187,92,76,118,200,129,127,133,128
1993-09-01,115,212,66,101,122,109,154,88,143,118,155,126,95,111,141,146,123,118,NA,107,112,129,147,103,160,66,141,190,132,114,112,154,162,152,134,218,111,NA,151,182,173,190,98,169,136,92,158,115,106,112,90,98,104,145,132,152,132,106,136,108,144,NA,139,94,183,98,99,115,202,134,112,139,123
1993-10-01,114,213,95,113,92,114,154,89,171,116,159,131,92,114,150,144,119,127,63,103,NA,97,144,114,163,NA,136,194,134,112,115,145,165,154,132,216,109,NA,161,180,164,177,103,164,132,94,129,100,105,105,80,94,99,137,160,157,130,110,161,113,136,NA,129,96,190,88,NA,120,198,135,118,138,125
1993-11-01,111,204,94,105,117,118,155,107,168,122,162,125,87,129,151,142,118,118,105,111,87,96,147,115,168,70,126,195,133,108,119,149,165,157,138,222,105,111,164,184,163,187,106,172,134,92,150,116,110,108,89,96,103,140,124,160,130,112,170,110,141,NA,136,101,187,102,101,123,193,136,NA,131,131
1993-12-01,113,218,107,113,103,120,154,83,162,126,157,150,97,124,151,146,125,124,NA,113,NA,100,153,108,183,NA,143,196,140,114,118,145,168,151,140,219,125,NA,166,179,188,199,118,170,133,109,101,122,102,118,127,96,109,143,129,155,133,106,157,112,142,92,140,NA,196,105,116,115,203,141,110,132,130
1994-01-01,125,215,79,100,102,108,160,76,160,116,150,131,111,115,147,142,116,122,91,104,85,103,153,117,156,NA,134,201,136,106,119,147,167,153,138,228,NA,NA,165,194,170,166,101,175,134,99,148,118,111,100,122,101,97,133,132,162,126,110,151,103,146,NA,141,79,189,95,93,125,207,135,NA,144,134
1994-02-01,102,215,87,108,106,113,161,79,164,124,151,132,92,109,145,140,120,118,80,106,95,98,154,120,183,NA,141,209,129,115,122,152,167,155,142,218,118,NA,171,183,175,180,106,176,138,89,141,100,106,112,99,92,111,138,126,159,131,110,153,115,142,NA,131,85,183,91,NA,122,203,137,118,141,121
1994-03-01,108,225,84,95,115,103,164,82,170,119,155,128,94,120,150,145,124,129,87,111,NA,116,145,106,168,52,130,201,134,113,122,144,170,156,135,229,117,NA,174,177,175,196,97,167,131,99,161,110,112,113,82,96,98,143,131,156,120,109,165,113,151,NA,138,87,195,100,96,119,209,140,123,138,132
1994-04-01,114,221,86,106,112,103,163,94,161,121,156,136,101,119,148,147,116,119,NA,113,NA,108,143,120,166,NA,133,205,135,111,121,146,170,153,137,226,NA,119,174,186,169,186,107,180,135,92,133,116,99,108,100,93,104,150,135,160,128,109,166,109,150,100,136,NA,191,98,74,117,215,134,135,141,132
1994-05-01,110,223,107,109,120,111,157,93,159,122,159,138,96,107,151,148,125,119,92,113,NA,107,152,116,172,NA,135,205,130,113,118,151,170,154,137,233,109,NA,158,182,182,192,102,179,138,108,152,115,109,107,80,101,99,134,143,161,118,106,160,106,147,91,140,78,196,102,93,119,200,137,90,145,131
1994-06-01,112,227,112,114,112,116,159,84,149,129,162,133,105,118,156,145,110,124,89,108,113,93,149,123,173,78,135,214,133,112,125,150,170,156,140,232,104,NA,158,184,171,181,113,180,141,108,141,118,112,107,81,103,112,139,129,165,131,116,162,116,136,NA,138,92,196,92,92,117,202,138,NA,129,129
1994-07-01,115,231,104,117,111,120,161,94,146,127,156,138,92,126,150,148,126,127,NA,113,128,114,158,127,168,57,209,209,139,113,118,151,171,156,149,241,NA,NA,152,187,158,191,103,177,138,117,115,114,116,NA,83,105,99,134,141,162,130,108,161,119,137,96,136,91,192,96,99,123,207,140,115,138,131
1994-08-01,123,225,118,104,122,114,157,84,142,133,158,134,98,112,154,142,123,119,68,116,NA,102,153,119,171,93,129,208,136,115,122,149,170,156,139,232,111,114,156,183,171,192,107,182,140,96,147,117,114,110,91,95,96,144,133,160,134,107,151,122,143,NA,142,104,198,106,111,122,207,135,102,130,134
1994-09-01,118,232,102,113,118,114,156,80,143,127,161,132,98,119,153,147,118,123,92,115,110,103,152,118,175,NA,138,211,134,116,129,151,173,161,144,237,112,NA,155,196,182,201,105,181,139,95,136,115,102,115,96,95,109,146,134,168,118,107,161,107,138,87,142,109,193,104,104,122,214,138,114,136,133
1994-10-01,116,241,106,114,120,114,159,83,193,123,163,134,99,127,151,145,123,125,105,114,105,102,150,136,167,79,134,205,136,112,125,149,174,156,143,235,NA,NA,160,189,173,201,111,177,142,97,151,115,112,95,94,79,103,143,138,163,127,116,146,109,148,90,136,100,201,102,104,124,213,130,NA,134,137
1994-11-01,108,234,112,105,120,110,162,82,164,132,168,138,104,126,157,147,124,120,110,118,NA,95,157,125,177,NA,139,218,139,113,117,153,175,162,145,243,NA,NA,165,191,179,211,111,208,139,97,144,118,116,98,105,98,106,145,133,163,129,107,149,111,155,113,138,100,204,107,90,121,219,147,146,140,138
1994-12-01,112,249,114,111,109,116,167,91,157,140,169,138,95,126,160,148,124,130,114,116,NA,95,153,115,177,73,142,218,136,117,125,150,179,151,137,250,NA,117,157,191,169,194,108,190,142,90,119,118,121,103,85,103,102,148,124,164,140,118,170,107,149,104,153,108,204,94,103,120,210,146,130,138,136
1995-01-01,111,241,105,105,109,114,170,78,177,130,165,140,104,116,157,148,125,125,96,117,110,107,159,127,170,107,129,219,142,114,116,155,179,153,149,249,96,NA,172,186,184,201,97,190,141,91,157,119,119,NA,93,101,109,140,131,169,135,110,165,121,145,94,154,98,211,103,NA,127,212,135,106,128,136
1995-02-01,108,256,104,102,115,114,172,92,158,123,163,133,102,114,158,145,119,125,NA,127,111,108,161,119,175,NA,136,224,137,117,118,152,177,157,138,240,114,107,167,184,182,201,101,197,147,92,140,113,111,93,103,93,105,144,138,169,131,109,155,125,152,100,144,85,208,108,128,126,215,143,83,141,139
1995-03-01,117,253,108,108,126,125,170,91,168,130,164,138,96,118,164,150,121,126,74,114,NA,122,163,121,174,81,137,223,143,116,116,154,181,153,144,254,114,NA,189,199,184,210,104,192,140,97,156,110,112,106,94,103,104,135,131,169,143,112,158,113,143,86,144,93,215,104,89,121,220,141,113,138,134
1995-04-01,111,252,118,106,121,124,176,86,170,133,167,141,98,107,162,151,114,124,NA,117,NA,99,164,130,179,74,134,220,133,117,123,152,181,162,144,258,106,NA,173,197,177,212,100,221,146,103,204,114,114,110,108,101,108,153,156,165,130,111,156,117,142,80,151,98,208,101,103,121,216,143,NA,130,135
1995-05-01,122,263,119,115,122,118,170,96,156,130,166,139,104,124,164,151,124,127,110,116,111,112,158,125,184,89,139,229,141,116,124,158,186,164,140,259,106,101,166,201,184,204,108,196,150,104,180,119,124,103,90,104,110,139,141,172,134,114,157,117,157,93,148,109,216,107,94,125,225,142,115,140,139
1995-06-01,129,260,96,105,119,110,167,94,154,124,175,136,108,115,172,145,128,126,106,123,124,117,151,119,176,NA,137,237,140,116,126,160,182,163,149,259,NA,122,163,208,178,206,91,208,145,104,173,121,122,117,86,109,109,149,149,172,133,109,161,119,161,99,153,111,226,107,105,130,224,141,127,143,139
1995-07-01,122,259,101,119,121,115,169,106,154,125,168,142,105,125,167,155,136,126,130,121,115,100,158,126,168,NA,136,230,143,116,133,159,184,170,141,255,107,NA,164,201,188,203,102,214,143,116,163,123,115,96,95,107,102,149,141,173,141,114,164,118,149,87,143,89,229,110,100,122,220,149,130,134,136
1995-08-01,117,263,111,116,120,112,172,86,155,131,166,138,105,124,170,148,129,126,117,115,NA,101,161,128,176,NA,133,233,140,117,128,155,186,170,152,264,111,134,164,216,171,227,106,216,145,111,208,123,116,108,95,93,102,154,143,174,129,115,174,119,166,102,142,104,229,112,102,127,218,161,130,137,141
1995-09-01,118,272,103,116,114,109,172,86,167,133,171,143,105,119,166,154,125,127,120,119,122,117,166,124,186,85,138,235,143,116,145,154,188,168,154,269,120,112,162,211,186,209,107,216,148,100,169,117,117,112,94,108,110,148,154,175,139,113,165,137,150,94,150,101,236,113,NA,127,222,145,134,134,138
1995-10-01,112,273,113,120,126,171,172,108,173,129,169,139,102,127,169,158,131,121,124,124,NA,107,161,119,182,NA,136,235,141,114,134,159,190,158,147,268,113,108,163,203,194,210,109,214,149,106,180,112,112,118,85,98,110,149,144,177,139,112,164,127,160,84,150,107,229,111,107,121,226,145,126,147,139
1995-11-01,109,268,120,NA,113,127,176,109,175,133,184,142,110,128,177,152,134,125,111,118,NA,108,156,130,177,89,149,242,139,115,129,155,190,166,142,280,109,NA,178,217,183,204,110,223,150,100,139,113,114,123,99,102,113,143,149,177,142,120,158,115,150,113,155,107,232,109,104,124,229,143,118,140,135
1995-12-01,126,280,NA,123,127,118,178,86,171,136,185,146,105,123,175,149,122,126,150,130,NA,116,171,124,186,NA,136,248,154,118,132,157,198,158,147,283,NA,NA,171,215,190,208,106,225,156,107,164,113,121,104,102,113,108,151,149,169,139,115,166,119,156,89,149,88,237,110,114,125,228,148,NA,147,146
1996-01-01,123,281,109,114,133,124,177,97,182,135,187,145,106,124,170,156,127,132,137,118,120,121,166,114,176,106,132,237,135,130,143,156,194,158,154,277,NA,NA,159,221,194,213,103,217,150,100,185,138,121,128,84,90,108,145,157,191,142,119,168,124,167,NA,149,99,239,119,109,126,235,157,144,135,145
1996-02-01,110,281,107,119,130,117,179,73,161,130,201,150,91,121,180,155,130,128,93,128,NA,101,170,124,186,90,142,253,140,114,123,161,194,161,154,274,115,112,169,226,212,185,142,219,154,102,165,116,112,114,89,108,104,145,147,180,148,121,168,122,165,93,144,109,245,104,106,126,234,185,123,139,148
1996-03-01,117,288,105,101,118,114,185,97,178,119,194,146,109,135,185,163,136,124,121,121,80,102,174,120,181,87,140,258,141,116,137,172,199,171,149,274,132,107,183,229,172,205,107,227,143,108,191,111,113,115,96,107,103,159,149,182,141,116,164,134,162,102,154,89,247,126,111,123,245,150,113,138,145
1996-04-01,118,293,96,100,118,118,182,124,169,137,193,159,129,125,181,158,121,136,101,119,NA,114,171,119,183,78,140,257,150,122,131,168,200,172,157,293,137,126,176,227,188,209,113,220,154,117,171,124,122,116,108,109,101,161,148,183,142,119,160,125,169,92,162,105,255,103,148,128,237,154,NA,145,148
1996-05-01,123,291,111,129,124,120,180,97,167,138,195,144,93,131,184,154,136,126,101,120,114,111,177,132,193,81,149,256,155,118,132,159,200,166,151,284,119,118,168,228,186,199,112,231,153,101,167,114,117,114,99,107,104,153,149,181,148,120,167,132,161,95,159,101,247,122,110,127,246,150,119,143,153
1996-06-01,135,281,96,105,122,115,181,106,158,135,199,156,105,125,179,169,131,133,146,120,NA,120,180,128,186,96,144,261,154,118,136,163,200,170,151,281,122,124,174,231,191,197,117,234,153,129,154,117,117,104,106,112,114,157,163,182,143,120,164,126,164,96,161,108,252,125,97,131,247,157,113,142,144
1996-07-01,126,287,116,106,122,128,180,96,155,141,196,145,101,117,179,156,128,130,108,125,92,107,172,128,186,90,141,249,146,118,131,159,199,168,149,282,126,NA,168,229,198,205,106,240,156,119,183,116,119,120,106,108,103,158,148,187,147,117,168,131,160,101,155,94,252,110,110,126,248,149,125,143,152
1996-08-01,115,292,109,NA,122,117,181,91,150,132,202,148,104,123,178,149,128,126,NA,121,NA,122,185,154,189,NA,143,257,147,118,134,163,200,170,151,284,103,124,162,237,203,204,119,226,151,100,170,124,116,110,102,112,94,148,153,194,143,132,157,131,155,96,173,121,254,118,117,125,245,151,124,168,155
1996-09-01,118,289,104,122,118,126,182,111,175,143,207,149,97,128,179,152,145,126,NA,123,111,113,164,124,189,NA,135,263,146,117,128,162,202,169,156,283,124,111,166,229,174,193,112,231,154,96,184,124,114,133,109,98,99,156,151,188,151,118,170,127,162,88,162,114,256,112,110,126,248,154,122,151,155
1996-10-01,120,300,117,118,118,118,181,101,176,138,248,144,110,125,192,152,139,132,99,124,NA,111,175,125,189,NA,128,266,148,114,134,168,206,168,155,288,115,NA,170,229,196,197,115,226,152,126,175,124,116,117,118,110,101,156,151,186,152,118,161,132,180,96,160,118,253,119,108,127,252,155,127,160,153
1996-11-01,115,294,112,NA,122,124,182,101,167,146,201,138,120,119,185,156,140,139,108,117,NA,116,178,123,185,70,140,261,145,115,136,167,205,163,155,289,131,121,181,237,190,188,108,231,169,112,159,124,115,99,112,109,106,151,147,184,135,120,170,132,171,NA,163,108,256,113,120,129,256,161,107,147,154
1996-12-01,119,288,100,99,124,116,185,97,179,149,213,160,112,117,190,163,136,130,120,124,NA,116,183,130,201,193,145,262,164,130,129,175,206,170,152,285,128,140,179,233,192,183,113,235,160,103,142,125,129,121,126,108,131,167,158,195,175,118,171,141,163,87,163,102,256,106,114,134,258,161,117,175,162
1997-01-01,121,286,102,101,124,125,189,93,172,146,223,149,101,135,188,162,137,136,111,122,116,120,171,133,190,85,143,260,150,118,130,171,202,180,151,286,106,151,173,240,188,168,113,235,166,122,189,121,114,117,94,104,108,168,158,194,145,119,163,122,165,98,155,107,260,115,104,130,251,161,114,151,158
1997-02-01,123,297,106,122,130,119,190,92,161,152,204,141,103,124,188,154,140,127,101,135,137,112,180,125,197,99,134,267,153,112,132,168,205,173,151,287,123,113,176,245,192,181,109,236,157,112,176,126,117,115,80,113,104,158,161,195,150,116,165,139,173,102,159,94,259,112,110,126,255,163,129,153,163
1997-03-01,122,298,99,115,119,118,192,103,167,153,208,138,104,130,192,158,140,134,152,124,NA,137,186,126,184,NA,142,269,144,122,140,164,207,176,151,296,126,130,188,246,192,184,115,236,156,108,194,123,119,112,89,96,96,158,152,196,155,124,162,138,164,97,164,117,260,108,134,123,261,142,143,156,157
1997-04-01,122,299,101,89,120,124,189,97,164,148,220,143,112,127,192,156,143,135,140,123,NA,114,199,126,197,NA,146,267,149,115,140,171,210,175,146,293,130,123,179,245,191,179,123,249,159,112,193,121,126,112,111,111,101,161,164,197,150,118,163,145,174,93,163,106,261,108,120,126,261,158,124,161,167
1997-05-01,125,303,104,113,148,123,187,103,151,144,225,144,107,129,189,158,137,128,129,121,NA,106,176,130,193,92,149,273,148,115,138,167,207,176,146,297,132,129,172,233,207,193,119,238,164,107,172,123,118,119,141,114,108,157,156,195,152,135,174,135,173,102,159,126,267,109,123,128,260,160,116,159,163
1997-06-01,136,305,112,124,120,121,188,98,150,151,218,147,98,127,190,156,145,127,134,135,162,112,181,135,197,NA,142,265,151,119,134,177,210,177,151,286,130,128,171,238,204,192,99,235,157,113,212,139,127,107,117,110,101,166,153,196,154,127,169,144,184,95,160,120,258,112,113,126,271,166,127,164,166
1997-07-01,129,291,121,101,122,120,186,98,142,149,212,138,116,138,190,157,140,124,110,125,122,122,184,141,193,106,155,266,148,115,142,174,208,166,147,290,142,150,169,245,195,205,114,236,158,125,186,122,120,122,115,107,107,166,164,200,153,123,180,172,174,80,167,97,259,118,118,127,256,153,129,169,172
1997-08-01,122,294,101,107,124,119,184,102,151,149,209,143,104,126,186,158,142,132,136,126,NA,124,180,130,191,87,148,272,148,112,140,170,207,174,162,279,139,125,162,241,207,180,117,229,167,137,164,139,120,123,107,115,100,167,164,194,157,121,169,144,174,97,164,117,257,110,101,128,263,164,128,159,163
1997-09-01,122,294,127,111,126,124,184,112,161,145,213,153,108,132,186,156,130,139,92,121,NA,118,194,140,197,81,144,264,146,119,138,168,207,175,151,282,135,131,139,246,192,177,118,231,166,108,170,119,123,100,132,111,107,163,165,198,148,122,171,140,160,87,172,94,256,128,128,130,259,177,108,152,165
1997-10-01,124,297,105,116,136,117,186,113,187,155,221,140,98,129,185,163,130,131,108,119,NA,131,183,138,202,93,142,260,151,119,143,168,209,177,159,280,135,122,152,240,200,179,120,229,170,110,157,130,119,114,105,112,102,152,156,199,147,118,169,155,171,98,166,98,251,113,125,124,254,166,122,157,168
1997-11-01,128,297,123,118,124,121,189,98,190,150,218,141,96,121,189,157,131,134,126,118,120,136,187,133,194,87,145,262,149,116,143,175,211,171,162,280,NA,NA,181,243,196,178,110,236,166,107,182,125,125,111,113,109,107,171,164,194,150,120,179,151,174,NA,168,102,255,115,99,125,259,167,120,153,172
1997-12-01,126,281,106,121,121,124,188,98,168,151,211,144,116,135,190,157,138,127,NA,117,NA,119,188,131,209,96,147,261,145,113,138,172,207,168,155,286,132,134,170,251,205,174,103,230,168,126,186,131,125,116,115,105,105,166,161,198,155,121,177,151,165,113,164,105,253,96,116,126,262,173,108,152,158
1998-01-01,114,287,107,NA,131,113,191,89,178,150,224,136,103,138,195,164,151,149,129,117,NA,117,186,133,194,68,138,269,153,123,146,171,207,178,149,286,113,112,177,250,211,167,117,234,162,105,177,132,121,125,88,108,106,171,168,197,150,121,177,142,186,96,175,113,252,101,113,133,261,173,118,161,161
1998-02-01,122,287,104,122,127,124,188,97,162,147,219,140,105,144,189,155,134,131,142,115,139,104,202,129,199,90,138,264,151,120,150,174,207,179,154,286,121,162,177,245,196,166,114,235,161,109,174,120,118,114,97,114,103,170,162,196,158,115,171,136,170,106,161,94,250,100,97,127,266,171,106,155,159
1998-03-01,118,291,112,115,125,122,197,102,176,151,214,148,103,119,193,157,136,137,123,118,156,123,190,124,208,89,142,263,151,124,137,165,210,174,152,289,135,119,184,247,211,165,110,235,162,112,181,120,115,122,106,107,106,162,165,198,150,124,173,143,167,101,165,95,251,96,115,129,272,160,126,145,165
1998-04-01,125,290,112,116,124,116,190,86,160,155,218,145,109,138,185,155,148,132,108,115,NA,136,188,138,190,NA,140,263,156,125,136,171,210,181,155,281,131,110,176,238,203,164,107,237,168,107,151,136,121,132,87,114,110,172,166,196,160,111,186,146,175,95,167,102,252,110,NA,133,274,186,118,154,164
1998-05-01,162,288,105,113,130,127,184,94,155,156,213,142,110,130,188,160,144,138,128,121,NA,126,188,122,201,95,151,259,155,118,139,173,206,177,154,279,126,NA,159,253,204,161,107,228,163,118,156,127,120,108,97,113,103,171,165,196,157,121,172,148,182,106,170,114,250,114,133,126,268,174,106,152,169
1998-06-01,139,290,108,107,127,120,185,109,154,151,217,142,96,115,188,159,146,142,138,120,126,125,196,130,203,113,149,263,149,129,152,171,207,184,151,276,159,NA,170,242,208,176,94,227,166,146,187,124,126,123,110,113,106,166,167,197,147,120,189,152,171,102,167,107,255,103,122,124,263,178,126,158,163
1998-07-01,136,282,111,NA,126,118,184,100,149,148,218,142,105,133,185,163,143,131,156,115,129,137,195,126,208,88,149,260,151,126,136,170,208,179,157,274,142,120,163,238,196,188,105,227,162,121,178,133,123,108,93,109,104,161,161,190,155,121,173,149,167,110,162,113,250,108,111,130,268,173,124,160,169
1998-08-01,116,285,110,122,125,126,179,105,155,149,214,145,99,125,187,166,153,138,141,117,109,146,186,121,192,97,144,256,147,118,138,177,206,174,148,267,143,126,165,236,205,183,115,220,164,122,183,127,126,122,102,116,102,159,162,195,151,120,182,141,166,NA,173,102,246,106,114,132,264,163,107,155,160
1998-09-01,121,286,106,113,126,111,184,95,158,146,215,136,100,132,186,160,142,129,138,114,NA,136,197,126,197,97,133,256,153,119,138,173,206,175,150,269,122,130,163,238,194,158,110,222,162,106,155,121,121,112,109,107,106,165,159,193,148,114,173,148,170,122,170,118,243,96,126,131,264,167,123,153,159
1998-10-01,129,281,118,121,125,113,183,95,192,154,218,142,103,128,191,159,149,128,133,109,144,138,191,136,205,98,144,252,149,121,146,169,207,171,149,273,132,141,163,237,202,158,111,227,165,107,195,125,116,NA,105,107,99,176,162,190,153,122,171,148,170,NA,163,86,243,97,109,130,262,165,112,156,165
1998-11-01,128,281,118,125,125,112,180,104,170,149,214,139,104,141,188,158,138,131,118,109,NA,142,201,126,194,73,139,255,145,127,144,175,207,170,156,271,126,NA,175,241,201,164,110,223,164,108,177,116,120,116,101,111,109,166,159,187,152,120,177,145,171,106,163,111,240,105,112,128,260,171,120,159,162
1998-12-01,129,276,120,124,126,111,186,104,165,162,215,141,101,121,197,158,133,127,119,110,NA,127,181,128,212,NA,152,253,150,120,143,169,205,182,150,269,132,NA,171,230,202,160,111,224,165,107,182,130,136,118,117,107,112,175,167,189,149,120,177,155,172,99,164,123,241,110,121,127,256,162,105,141,165
1999-01-01,121,280,112,NA,123,111,182,87,184,151,211,152,117,117,193,155,147,130,158,115,NA,118,186,123,201,96,149,262,140,116,142,178,205,176,152,265,127,139,170,239,216,174,116,220,163,110,177,118,112,NA,94,108,99,167,164,194,152,121,179,141,174,NA,167,103,242,133,119,126,267,163,103,149,163
1999-02-01,129,280,99,129,107,119,191,94,165,150,217,146,100,126,196,159,127,139,106,112,NA,134,196,126,209,91,143,250,143,123,142,171,207,170,153,271,127,120,178,234,210,166,107,222,165,99,183,126,120,134,86,102,106,153,160,192,150,117,177,154,171,107,174,101,238,102,129,128,275,174,113,149,164
1999-03-01,120,276,105,NA,121,114,189,96,178,145,213,147,97,131,188,155,142,136,107,109,119,132,200,130,203,78,146,251,161,119,145,174,205,172,143,267,134,139,179,234,206,165,116,212,163,114,168,112,117,121,101,105,102,159,157,189,146,117,180,160,174,96,167,121,236,96,138,123,266,171,113,159,161
1999-04-01,120,282,102,128,130,118,189,102,182,152,219,142,106,136,189,168,153,136,124,109,NA,132,188,122,200,74,150,252,149,115,145,174,208,173,148,265,144,NA,180,237,197,161,110,220,164,105,174,122,123,122,88,103,107,164,174,191,156,119,177,149,176,NA,169,99,243,113,130,126,272,169,117,157,158
1999-05-01,137,281,110,112,121,112,168,104,157,150,201,142,90,123,191,159,139,137,92,118,NA,137,197,130,209,93,145,255,156,126,148,172,204,178,151,260,130,125,174,230,199,182,110,219,174,125,191,117,117,122,109,115,96,165,167,190,151,125,188,152,177,97,172,114,238,109,135,133,270,169,124,162,160
1999-06-01,130,283,103,117,124,112,177,108,153,155,215,146,100,127,187,158,152,134,111,110,NA,165,194,126,209,85,147,251,153,121,145,171,203,175,146,264,129,129,167,232,204,234,103,219,157,112,165,123,118,131,118,102,98,161,168,186,166,123,179,155,171,91,169,107,236,115,128,125,265,166,115,151,168
1999-07-01,149,283,97,117,132,112,178,86,151,152,215,142,97,121,188,159,146,139,149,108,140,131,202,126,203,87,147,258,156,123,145,174,209,174,146,274,132,135,164,232,208,288,116,226,166,122,165,123,122,122,103,101,95,158,162,190,155,119,185,148,172,100,173,96,234,110,107,126,270,171,126,150,164
1999-08-01,125,280,106,112,120,111,180,93,157,152,209,144,88,147,186,156,151,133,108,108,134,127,197,131,200,92,156,252,154,126,143,173,207,175,152,270,143,143,167,225,207,296,106,221,165,130,173,122,124,123,92,102,104,161,170,190,147,121,188,141,168,NA,164,96,238,110,114,124,265,167,113,157,164
1999-09-01,130,291,107,129,124,111,177,102,173,150,205,145,102,127,193,161,138,137,124,107,NA,128,189,124,200,103,140,248,150,120,144,175,209,179,148,262,130,157,171,233,213,232,111,231,160,131,162,122,119,132,110,105,120,163,163,187,150,123,175,155,171,95,171,110,239,111,120,126,278,167,126,157,160
1999-10-01,115,282,110,124,124,113,179,100,168,155,203,144,93,119,187,158,143,134,104,116,NA,132,189,123,202,89,148,251,149,124,154,173,206,174,153,266,137,123,174,234,197,260,115,219,162,128,161,119,117,138,104,105,103,170,158,189,152,121,175,159,174,92,168,117,233,111,123,128,271,166,109,171,160
1999-11-01,125,287,92,NA,120,117,181,95,194,162,208,141,91,116,183,153,141,132,144,108,NA,120,202,129,205,88,144,251,148,147,141,173,211,171,151,305,140,118,188,223,205,195,109,218,158,107,178,126,117,111,107,106,101,168,165,189,149,117,180,148,173,93,181,118,232,116,129,128,284,174,114,156,159
1999-12-01,122,284,92,122,124,113,183,94,197,152,199,146,97,137,188,161,142,138,122,112,NA,120,201,123,204,90,145,253,151,123,143,174,208,177,145,268,138,136,180,231,209,189,116,236,160,93,173,121,115,136,99,113,100,183,173,191,144,125,190,154,172,111,168,100,242,145,121,125,267,171,110,159,163
2000-01-01,122,277,99,133,123,111,187,89,180,155,199,144,93,127,191,160,141,129,126,114,150,128,204,124,210,97,154,246,152,127,150,180,206,174,144,276,126,138,169,230,201,193,109,223,164,120,168,115,119,115,105,109,106,167,169,195,163,126,180,141,170,111,172,101,236,110,122,119,278,170,111,156,162
2000-02-01,123,287,95,118,124,141,192,92,172,164,205,150,96,134,191,161,136,127,131,105,NA,141,199,123,204,62,145,250,148,124,137,172,211,183,162,280,128,127,176,227,218,198,120,226,160,112,181,123,117,114,85,123,106,172,172,190,152,116,178,161,172,97,168,115,242,101,131,126,285,170,114,154,166
2000-03-01,119,283,97,130,118,107,189,103,197,156,197,161,91,135,186,161,130,133,151,109,114,132,194,129,208,83,148,256,151,126,144,172,209,174,156,275,130,132,179,225,201,198,104,231,163,110,155,116,116,134,94,106,98,162,166,187,150,119,179,141,178,101,166,105,236,109,119,124,285,179,112,172,163
2000-04-01,134,295,89,126,124,118,188,97,171,152,215,144,96,122,186,163,137,133,194,104,NA,134,199,123,208,98,157,251,160,115,145,175,208,182,144,275,130,128,171,231,222,190,108,232,160,106,204,120,117,123,103,117,101,176,174,192,157,121,177,133,183,NA,154,116,241,110,NA,127,245,168,101,161,160
2000-05-01,134,287,107,137,139,109,185,92,182,152,208,146,99,128,185,164,148,137,131,110,144,141,201,129,208,99,143,252,153,127,148,175,209,180,152,274,138,NA,174,238,216,206,110,227,163,114,192,116,115,136,123,111,107,163,170,188,150,121,179,159,179,88,181,113,246,106,128,128,261,178,106,164,159
2000-06-01,128,290,102,119,127,120,183,109,156,157,209,150,96,125,183,160,151,141,128,109,147,142,199,131,213,84,150,249,155,128,143,176,207,176,154,262,130,139,169,239,206,204,114,222,167,109,191,127,122,124,108,111,106,169,166,190,157,121,184,146,172,NA,167,122,240,99,110,128,274,164,104,157,155
2000-07-01,171,287,94,130,129,115,183,86,149,154,202,154,89,138,186,163,142,129,131,107,169,132,202,121,209,NA,152,255,150,127,141,176,210,178,152,278,130,107,169,245,208,238,111,216,162,159,170,119,111,128,117,106,104,165,160,196,152,133,185,150,169,NA,168,118,241,108,107,123,273,169,108,151,165
2000-08-01,125,286,108,132,133,129,179,83,157,157,202,145,99,128,182,162,146,133,126,103,NA,153,202,118,201,NA,148,254,157,119,146,176,208,169,156,268,129,NA,171,228,208,217,112,231,161,143,198,125,122,132,93,108,107,173,170,194,152,124,182,144,173,118,168,109,243,122,131,126,266,168,109,152,156
2000-09-01,126,289,94,126,125,123,185,99,179,147,204,147,100,123,185,157,141,132,112,111,NA,138,195,116,204,86,145,252,152,121,143,172,208,176,152,270,132,NA,171,246,208,198,106,236,161,108,184,124,121,143,96,120,108,173,174,192,157,118,175,151,167,NA,168,114,241,105,123,124,268,168,106,158,159
2000-10-01,122,281,96,128,125,119,182,104,198,155,203,152,89,120,191,162,142,134,128,108,NA,139,201,117,204,89,148,251,154,128,140,174,210,178,152,272,139,126,176,223,219,200,110,226,161,106,159,122,116,134,103,106,104,165,164,196,154,118,187,150,170,103,161,146,236,93,128,127,271,180,121,165,165
2000-11-01,124,283,90,120,133,122,186,101,187,161,208,144,102,120,183,164,138,137,162,110,NA,150,196,130,197,86,148,253,152,127,137,179,209,181,149,270,131,NA,186,232,208,215,108,226,161,108,175,123,113,129,98,110,107,178,165,192,153,116,187,135,170,98,171,118,243,141,134,124,267,170,106,158,160
2000-12-01,125,284,100,128,124,112,186,95,174,155,200,146,91,122,188,161,135,129,134,110,NA,129,196,120,204,77,163,253,156,126,141,176,209,177,149,283,136,126,182,225,222,216,104,234,166,111,179,126,124,123,121,106,108,165,176,191,161,119,182,154,173,108,166,113,235,111,105,123,274,180,111,156,155
2001-01-01,123,290,89,134,124,128,185,97,188,162,214,150,99,135,187,167,144,140,152,115,NA,130,203,115,214,105,143,253,148,123,144,172,212,180,143,281,127,140,175,228,198,209,102,228,159,112,196,123,125,123,121,102,113,169,174,193,156,120,175,135,174,NA,167,118,240,111,116,123,270,175,114,165,163
2001-02-01,129,293,105,128,124,121,193,96,180,154,209,141,95,125,185,163,147,137,137,105,150,138,207,111,211,89,147,248,152,121,143,175,214,181,151,278,146,107,179,227,212,217,103,231,164,86,174,115,122,138,87,117,115,180,177,194,161,112,179,152,172,98,165,123,242,119,125,127,285,170,107,163,162
2001-03-01,123,290,97,136,126,121,192,90,192,155,206,145,92,109,184,157,168,133,119,116,NA,126,197,114,206,61,150,257,153,135,147,176,212,179,144,276,130,128,180,222,224,212,108,233,160,113,188,130,114,138,105,115,109,165,166,192,150,121,178,139,173,98,165,114,235,110,102,123,285,175,103,162,165
2001-04-01,125,291,105,134,130,132,192,102,160,150,199,146,96,137,190,166,144,133,148,112,NA,125,199,107,206,NA,148,256,155,126,146,177,214,184,153,286,112,144,180,233,222,218,110,231,157,106,198,119,116,138,100,95,125,186,168,192,155,122,183,165,178,110,165,110,239,110,116,121,282,187,101,167,163
2001-05-01,131,297,172,115,135,124,189,94,170,164,203,147,98,120,191,166,143,136,155,118,NA,130,200,123,215,91,144,254,154,133,149,176,213,186,162,278,126,117,175,237,204,225,111,231,168,110,164,125,125,136,96,99,110,174,178,196,156,126,178,147,167,102,160,103,241,99,117,130,273,172,118,163,160
2001-06-01,141,301,94,130,137,141,186,95,164,156,208,139,97,140,179,161,142,138,136,112,134,142,209,120,196,NA,153,251,158,131,148,179,213,190,161,282,117,134,176,235,202,245,108,242,162,134,196,126,113,141,84,109,109,172,176,195,161,126,184,143,172,87,174,101,247,120,120,132,247,180,108,164,174
2001-07-01,136,295,105,127,125,126,185,102,157,153,207,145,100,129,181,166,146,144,137,114,NA,136,200,106,199,NA,148,256,162,131,140,184,211,188,155,284,136,108,168,230,212,261,107,235,168,134,170,128,115,139,107,116,108,165,172,194,155,121,187,153,172,NA,173,103,241,114,113,130,276,168,114,158,167
2001-08-01,130,297,103,124,129,132,185,99,175,150,210,152,96,112,188,162,147,138,122,116,NA,125,192,116,205,NA,144,254,153,128,140,173,215,189,154,283,143,126,173,235,206,273,103,230,162,130,188,123,118,122,101,104,109,180,168,197,155,126,177,160,178,NA,165,110,239,115,123,122,279,168,121,162,168
2001-09-01,134,298,92,127,122,138,185,97,206,158,205,142,93,119,186,154,135,137,161,119,NA,133,202,108,206,117,148,253,162,129,147,178,216,189,153,287,127,129,168,234,202,225,110,234,162,123,162,114,117,124,111,103,109,191,175,197,155,119,188,141,175,NA,167,106,241,122,121,130,282,183,115,170,163
2001-10-01,128,307,101,118,132,134,188,96,190,164,205,165,103,130,180,169,142,137,144,116,145,130,203,114,202,91,146,259,158,134,149,179,215,185,160,289,128,134,185,236,206,237,103,236,157,108,201,126,119,137,111,104,113,175,170,196,154,123,184,145,170,108,173,107,242,110,117,122,272,179,103,163,165
2001-11-01,126,313,88,131,131,143,192,95,184,160,211,154,91,119,190,162,143,131,134,112,144,125,208,115,209,98,151,259,157,136,141,176,219,194,159,294,130,109,192,243,210,224,111,242,162,105,189,114,110,137,115,109,111,172,172,194,156,121,174,139,174,NA,165,102,243,112,128,123,280,172,101,157,164
2001-12-01,130,316,106,120,132,129,195,105,187,162,206,148,99,124,195,163,145,138,138,116,NA,131,211,120,211,NA,154,268,160,140,150,185,221,189,159,299,128,126,182,241,212,228,110,244,167,94,204,124,118,123,121,107,107,191,178,202,163,126,187,139,180,143,170,104,248,105,116,124,273,177,132,169,173
2002-01-01,129,310,111,146,137,135,195,110,191,160,202,147,105,122,193,167,139,145,123,123,NA,143,209,133,212,115,164,259,164,137,155,178,220,196,150,285,133,140,186,234,221,220,118,253,168,115,187,122,110,131,117,102,116,180,175,199,152,130,185,145,180,NA,178,90,247,113,107,127,284,174,130,154,170
2002-02-01,128,324,106,121,128,137,201,102,197,150,206,147,97,130,189,170,149,144,116,122,NA,145,199,116,213,NA,153,264,160,137,152,183,226,190,163,304,117,141,183,239,212,249,128,248,166,112,221,111,114,140,104,100,113,184,174,201,161,123,175,141,178,NA,174,103,253,120,114,132,297,177,125,163,170
2002-03-01,122,309,90,105,133,143,206,87,198,155,214,151,106,134,188,170,143,137,149,119,146,162,210,114,207,NA,146,270,160,135,143,186,222,206,161,311,132,158,183,241,220,254,108,256,165,112,177,127,115,136,98,108,113,188,179,200,160,124,183,145,177,NA,171,99,244,113,128,129,291,171,134,168,168
2002-04-01,128,318,109,155,134,138,202,100,185,160,209,150,100,126,196,181,144,137,139,132,145,142,207,123,211,NA,146,276,177,140,149,187,224,201,168,304,131,NA,183,242,228,263,110,255,162,110,240,130,117,153,107,118,118,191,177,202,161,123,186,154,185,NA,171,108,257,115,127,127,246,179,139,168,177
2002-05-01,140,332,110,128,138,144,207,114,190,155,205,144,108,120,196,176,135,136,132,134,118,138,209,110,211,NA,154,278,164,131,152,184,227,197,164,288,125,144,179,241,214,267,122,251,170,117,185,145,120,148,126,101,116,194,179,204,156,124,177,151,183,105,182,114,261,109,126,131,291,189,125,170,165
2002-06-01,154,334,98,162,131,130,202,99,165,152,220,142,111,124,196,169,141,145,143,139,151,138,203,113,209,111,152,277,163,140,148,186,228,212,165,316,136,143,183,251,213,253,107,254,167,126,197,120,116,150,127,109,119,202,181,205,157,128,186,151,184,92,183,107,263,106,112,134,279,192,116,168,170
2002-07-01,151,332,124,133,139,151,204,109,155,158,218,147,108,136,200,168,154,137,144,135,162,123,205,132,206,94,150,280,175,135,143,186,229,205,169,318,139,137,178,238,220,252,105,251,169,164,198,124,118,132,109,103,106,204,178,209,164,126,177,150,180,115,170,122,262,111,115,134,286,182,142,170,170
2002-08-01,130,345,120,152,126,146,200,109,188,149,207,146,108,113,193,174,141,136,152,137,130,141,207,124,213,NA,157,287,173,145,147,182,230,200,181,311,115,NA,181,242,211,307,113,256,167,127,173,138,109,145,90,116,108,193,184,206,156,133,185,154,184,NA,178,NA,269,132,122,127,283,179,100,178,175
2002-09-01,151,341,110,122,133,143,206,96,206,158,209,148,110,123,201,172,145,148,135,135,NA,135,198,118,220,NA,176,280,172,141,147,187,231,210,180,325,126,138,179,250,221,273,108,264,165,109,189,125,114,150,110,112,115,188,182,208,161,126,190,152,181,119,174,110,262,118,114,131,286,188,121,166,170
2002-10-01,142,344,108,166,137,155,209,101,206,153,204,154,115,131,203,179,153,142,142,139,129,144,209,126,198,96,157,282,172,133,145,193,233,211,179,331,138,NA,169,236,219,253,115,255,162,110,190,126,115,145,124,114,110,196,188,215,160,132,185,152,184,109,183,108,272,112,142,131,288,190,134,168,169
2002-11-01,136,350,96,129,131,143,209,100,198,158,212,145,113,134,204,175,139,138,157,145,NA,150,200,123,220,86,168,285,165,133,147,185,233,221,184,321,128,137,188,241,221,268,117,268,173,111,209,129,116,147,117,108,103,208,179,201,159,129,180,160,190,109,174,112,269,117,103,133,292,177,121,181,173
2002-12-01,143,351,117,140,140,160,210,102,185,158,212,158,107,130,206,171,144,143,179,138,150,127,207,118,210,90,143,295,170,136,149,194,238,214,206,335,131,118,200,246,223,244,102,265,167,110,194,125,111,153,117,113,129,214,188,216,161,126,185,157,188,99,177,111,274,119,135,127,294,185,115,168,177
2003-01-01,134,352,104,143,133,170,219,101,216,169,207,153,99,131,208,182,147,150,149,146,202,124,216,128,216,103,149,291,179,148,147,183,243,214,357,342,127,NA,194,259,221,264,105,268,166,112,175,122,118,141,118,112,119,226,205,220,175,140,185,171,187,NA,179,107,274,121,104,140,293,190,109,164,171
2003-02-01,130,361,114,160,130,161,222,99,199,160,213,155,108,135,215,179,152,143,149,152,118,131,202,111,218,134,162,291,174,142,146,199,245,226,239,349,124,136,190,260,231,271,106,265,169,104,195,125,112,150,114,104,115,218,190,221,161,132,197,150,186,92,178,108,282,119,117,125,309,193,122,177,176
2003-03-01,139,359,107,134,130,159,226,105,208,166,208,156,132,129,214,185,137,147,175,159,181,138,217,120,224,132,157,290,182,146,148,199,245,231,237,329,176,110,195,247,218,267,103,271,172,105,180,121,103,148,98,126,121,212,188,224,169,128,180,161,197,97,175,100,282,124,115,128,309,197,120,167,182
2003-04-01,155,366,121,142,142,173,226,99,211,165,220,153,139,131,216,183,142,144,170,160,151,133,210,127,214,NA,157,297,192,147,144,192,247,230,190,349,135,124,190,264,223,276,132,278,166,100,234,128,116,139,124,112,118,221,199,228,165,136,178,161,192,135,182,106,277,128,126,138,303,183,125,181,180
2003-05-01,160,357,120,146,139,170,226,113,197,164,228,149,120,140,220,181,149,144,134,162,183,144,210,121,219,121,161,302,180,152,153,202,243,225,198,343,129,146,159,251,219,269,116,275,174,105,212,132,118,137,129,113,111,226,196,230,169,137,190,165,203,132,186,115,284,121,129,135,267,191,129,183,181
2003-06-01,157,356,126,166,161,173,223,102,193,172,231,158,149,143,216,186,157,144,163,158,171,144,209,132,208,100,159,299,193,158,155,199,245,227,191,341,135,120,189,266,231,269,118,287,171,153,201,131,122,157,146,111,110,223,188,229,177,132,196,163,205,NA,190,105,282,124,119,147,302,191,125,193,179
2003-07-01,178,354,132,143,139,165,225,117,184,174,223,164,107,142,219,184,151,146,159,154,170,151,210,120,216,144,170,296,188,151,152,194,247,220,192,348,141,110,186,252,221,283,121,283,175,152,199,130,122,148,119,105,116,217,202,228,179,133,189,160,193,107,192,137,286,128,107,142,297,198,135,181,181
2003-08-01,165,351,118,149,138,174,226,115,220,167,221,165,115,141,218,189,155,146,136,160,NA,143,219,126,226,132,155,301,194,149,162,197,245,230,180,346,137,130,170,254,232,290,119,292,175,136,212,144,125,148,138,122,120,220,198,228,180,138,171,166,191,99,189,105,293,130,122,138,268,187,129,178,181
2003-09-01,157,350,122,138,147,170,227,122,244,175,231,156,122,146,212,180,161,150,185,154,212,147,208,119,222,121,160,301,180,140,151,205,246,225,185,348,148,136,194,254,239,259,113,280,175,118,226,134,119,132,135,115,117,218,198,233,175,140,191,168,211,124,188,112,289,134,121,132,282,186,122,189,190
2003-10-01,167,355,157,126,135,174,235,114,232,178,233,161,118,144,229,193,149,147,166,155,198,138,212,131,227,121,163,300,190,149,161,209,252,236,186,355,131,134,198,273,221,297,129,289,182,116,206,131,119,154,145,104,123,232,200,239,181,143,201,163,213,104,190,109,295,133,135,140,300,194,108,203,183
2003-11-01,160,351,150,146,150,191,236,122,216,180,238,169,119,153,228,183,149,150,173,167,154,142,217,143,219,NA,163,302,194,147,154,207,251,244,197,355,144,NA,201,270,226,272,120,291,176,114,207,129,125,146,148,116,116,225,201,240,179,148,184,167,207,110,181,112,296,136,135,139,302,196,144,184,189
2003-12-01,164,354,130,146,140,187,237,113,214,178,240,167,119,162,225,199,166,149,191,156,149,169,217,119,224,108,168,306,196,149,161,213,252,237,200,354,138,147,202,269,228,275,121,305,181,120,242,140,123,150,135,126,128,236,201,247,192,151,186,177,210,127,188,97,294,146,134,138,293,191,132,191,190
2004-01-01,166,352,119,140,141,193,243,124,228,171,236,166,112,152,231,200,151,148,164,161,162,159,208,113,226,NA,154,308,199,154,144,219,255,234,202,357,147,139,201,261,235,285,122,310,180,123,235,138,115,170,141,122,130,226,190,242,181,150,200,175,212,122,191,101,303,141,132,141,304,203,129,182,197
2004-02-01,163,357,138,144,141,187,243,121,224,167,236,168,118,163,232,200,167,154,146,164,155,139,212,124,225,130,171,307,208,158,165,213,261,238,205,355,144,143,194,330,229,286,125,301,182,110,253,142,122,156,121,122,119,244,196,246,190,148,189,169,210,119,177,101,298,137,113,141,325,207,155,181,186
2004-03-01,168,352,162,137,148,204,249,135,219,176,239,172,119,150,237,197,156,147,166,158,172,161,223,121,229,113,167,309,208,152,165,208,259,238,201,339,141,145,198,271,230,302,127,307,179,127,237,131,127,161,127,123,130,235,206,245,185,153,188,183,210,130,202,123,299,140,145,140,324,203,129,192,190
2004-04-01,170,358,147,148,138,189,249,122,225,180,249,165,120,155,232,201,170,147,178,162,156,145,220,129,221,139,180,310,203,147,162,212,253,240,190,356,131,135,174,279,228,317,121,308,185,118,228,134,119,153,152,123,130,243,195,245,186,158,195,181,230,135,203,110,298,144,134,144,243,204,143,207,192
2004-05-01,183,355,142,154,151,199,241,118,229,188,258,169,122,159,234,206,154,150,203,163,191,172,211,148,225,NA,164,302,210,158,163,213,260,235,213,350,145,114,194,266,240,302,125,317,180,124,249,133,120,136,149,129,129,234,221,255,191,157,186,165,225,124,219,126,300,139,135,152,307,225,160,198,192
2004-06-01,182,353,140,161,141,197,248,125,208,185,266,171,126,153,236,204,172,154,199,162,171,167,220,134,228,166,163,312,213,165,170,218,259,228,191,350,163,NA,195,264,214,305,115,299,191,149,240,140,135,152,138,128,125,219,205,249,192,161,187,176,228,137,217,109,302,150,129,152,307,211,149,203,193
2004-07-01,177,353,150,141,142,199,246,125,217,195,251,179,126,159,237,203,159,156,337,158,162,167,219,150,227,189,165,304,216,152,170,226,259,240,200,358,145,138,193,261,226,310,125,300,183,139,247,138,129,165,153,128,118,227,215,254,199,152,192,189,228,113,212,109,301,146,139,144,311,207,160,222,195
2004-08-01,171,349,148,156,142,196,247,137,248,191,241,169,118,153,236,207,165,151,123,159,179,149,223,121,232,176,165,308,214,159,176,212,260,238,200,351,142,NA,191,270,229,313,125,301,184,133,258,137,133,161,135,116,116,229,218,252,190,160,196,182,229,127,203,116,288,140,126,150,314,212,140,212,195
2004-09-01,170,350,128,142,157,195,245,131,270,186,258,170,117,146,235,205,171,152,180,153,232,159,217,131,232,151,172,307,210,163,169,218,261,223,198,355,157,133,194,280,238,321,128,297,187,135,214,149,136,166,141,128,130,224,216,253,191,155,194,181,234,138,211,112,291,139,130,149,316,198,156,224,204
2004-10-01,175,355,134,148,173,207,247,152,234,198,249,174,129,171,232,220,167,153,197,170,202,180,239,127,226,116,177,308,216,159,166,225,261,229,203,352,145,NA,221,276,230,300,125,309,186,118,229,164,131,156,125,128,125,219,214,249,196,160,204,180,226,NA,211,119,293,146,128,151,306,205,149,202,205
2004-11-01,175,349,135,147,153,201,251,138,251,187,250,177,135,163,239,208,171,155,190,180,161,155,232,131,228,167,170,311,217,155,181,224,263,246,202,344,141,131,214,280,229,302,126,300,189,132,241,149,135,151,157,140,123,243,214,257,202,155,189,188,218,121,209,118,299,139,137,147,308,218,150,213,207
2004-12-01,172,353,128,159,142,198,248,115,245,187,248,186,120,165,242,210,163,151,176,155,194,161,226,128,231,110,168,309,220,164,172,227,263,238,208,361,142,144,214,292,237,318,131,315,198,112,238,162,135,164,141,145,123,233,225,258,198,160,202,186,242,133,223,118,293,161,135,149,312,211,155,224,206
2005-01-01,176,351,143,158,164,191,253,138,254,192,265,187,122,169,239,226,161,147,193,159,212,151,220,140,231,165,172,307,231,162,192,229,267,250,222,345,141,161,209,279,245,300,110,298,194,114,232,145,131,177,158,137,131,237,219,261,184,152,199,200,239,110,214,94,298,145,144,150,319,203,145,218,201
2005-02-01,180,353,142,152,154,209,257,141,244,184,262,174,112,164,243,216,179,155,173,154,146,162,226,138,230,182,181,312,241,163,184,244,269,235,209,361,147,150,214,291,238,316,129,306,190,119,238,143,125,155,142,123,126,237,212,258,196,155,200,191,223,NA,225,103,294,151,202,156,332,214,145,227,218
2005-03-01,179,353,137,153,160,201,261,123,245,195,256,181,121,172,250,216,151,151,180,147,130,160,220,137,236,NA,177,310,218,153,178,230,269,242,215,345,152,153,204,269,239,303,127,305,184,127,326,154,120,148,136,122,125,227,208,259,220,158,199,191,231,135,204,112,298,142,129,162,331,219,144,223,214
2005-04-01,185,354,157,140,155,201,258,130,240,204,262,177,113,178,248,231,169,149,203,161,226,177,229,147,234,147,172,312,225,167,179,227,266,237,225,348,160,150,191,283,244,308,141,304,197,129,249,153,137,176,146,132,124,233,218,257,210,177,202,191,245,139,216,124,294,149,133,158,321,217,156,219,211
2005-05-01,183,363,160,150,155,218,251,138,222,204,262,190,135,174,245,217,178,169,209,166,NA,165,229,147,245,135,173,311,220,173,178,229,263,244,232,338,159,168,209,286,232,303,132,304,197,124,276,150,132,169,163,142,130,233,229,265,202,169,214,194,237,124,224,115,298,149,130,158,250,228,170,231,218
2005-06-01,200,356,148,161,156,189,246,172,226,192,264,186,131,159,244,222,180,155,195,158,191,177,232,155,241,133,178,313,240,159,202,234,267,246,229,363,145,161,204,279,243,320,126,300,189,166,255,154,127,172,171,145,126,230,219,264,221,170,201,208,246,116,226,118,308,158,130,161,320,222,168,220,210
2005-07-01,185,355,144,150,168,205,257,140,221,215,273,187,126,182,250,223,173,161,191,157,202,168,229,147,239,276,188,313,236,172,187,232,269,247,220,357,150,153,204,279,243,322,134,321,196,175,292,156,137,165,161,150,132,225,203,264,209,169,224,196,243,116,228,118,300,158,138,156,318,223,142,249,222
2005-08-01,196,350,161,171,146,198,249,124,261,200,271,186,126,170,242,213,179,158,194,155,179,163,231,130,235,144,180,314,235,165,185,242,267,233,216,352,149,146,206,284,247,299,129,317,193,138,283,161,137,159,151,133,133,226,223,255,206,169,205,206,237,121,224,125,301,155,146,153,317,223,147,217,214
2005-09-01,185,353,157,165,168,211,245,155,273,206,276,187,133,177,247,218,181,162,224,148,152,171,228,136,244,134,178,314,237,162,200,236,269,248,220,360,148,218,207,282,243,327,157,314,197,128,270,148,141,170,150,138,141,242,236,266,206,173,215,208,247,116,222,121,301,154,145,158,320,213,175,216,223
2005-10-01,195,349,152,153,162,194,259,113,278,202,255,190,119,168,244,222,178,166,209,153,178,159,229,150,237,NA,187,320,228,167,190,241,271,249,215,355,142,197,227,300,246,327,132,306,190,129,283,162,139,163,151,145,140,239,233,264,201,179,229,208,245,141,239,125,303,151,142,153,317,223,149,245,227
2005-11-01,179,352,181,152,162,200,264,149,260,208,277,177,122,174,254,226,180,164,199,156,207,195,249,155,248,173,188,318,241,166,186,242,273,245,227,357,155,172,224,291,232,312,140,312,204,142,276,182,140,166,171,135,132,222,213,268,203,178,212,210,245,153,228,128,301,143,161,165,320,227,170,220,224
2005-12-01,197,347,179,168,169,201,264,147,234,205,268,193,120,178,253,224,194,164,203,157,158,197,248,152,242,NA,194,314,227,169,194,243,274,255,237,371,160,NA,222,285,238,324,136,321,205,134,289,164,137,168,149,142,139,237,230,269,223,167,198,194,258,128,236,116,311,150,151,170,313,226,158,246,230
2006-01-01,191,351,159,163,157,221,270,156,268,210,264,192,134,194,253,235,180,157,218,159,228,201,245,155,246,NA,192,319,237,158,191,243,278,259,223,369,155,177,214,289,246,355,137,319,200,156,296,168,136,178,157,146,131,238,211,269,213,181,213,200,249,115,229,114,304,163,155,168,331,228,156,222,221
2006-02-01,193,354,170,175,163,215,266,157,238,219,274,202,125,176,264,230,212,166,207,161,200,198,246,165,253,NA,190,323,236,181,203,247,281,264,231,368,150,162,220,300,274,336,134,318,195,115,234,162,135,175,156,123,137,241,232,274,218,180,220,206,247,154,229,117,305,148,131,169,357,227,180,242,227
2006-03-01,200,349,173,158,160,207,266,134,226,210,283,198,129,163,259,228,186,168,221,157,177,189,254,144,248,143,191,319,240,170,215,239,277,249,250,345,150,152,220,285,272,331,138,320,202,138,303,169,130,162,138,144,132,233,231,272,217,171,203,229,259,119,224,117,302,159,141,170,343,231,128,231,234
2006-04-01,205,358,163,174,178,202,264,146,234,211,265,201,121,206,252,228,192,166,216,162,192,187,250,155,259,139,192,325,236,189,201,256,280,246,241,365,153,195,216,299,249,338,147,334,208,165,302,165,137,182,145,144,145,238,232,273,222,178,217,199,264,140,240,120,305,153,158,176,338,241,171,241,240
2006-05-01,201,353,169,154,172,223,263,140,230,223,274,195,125,210,258,242,198,167,213,159,254,187,241,152,257,188,200,318,249,175,206,252,278,255,249,362,169,164,221,314,274,329,143,316,198,138,289,178,138,194,158,149,138,236,242,272,212,176,227,224,250,125,244,130,306,158,149,171,332,247,170,237,242
2006-06-01,216,358,176,165,166,214,269,149,232,226,278,194,124,200,268,231,195,170,221,160,203,211,256,148,249,NA,196,324,244,174,206,255,274,259,243,374,170,166,223,304,273,328,135,310,211,124,290,172,150,162,163,147,139,246,241,285,235,183,217,213,244,120,244,131,312,167,162,170,247,237,162,229,232
2006-07-01,233,355,170,164,164,224,262,127,221,223,275,200,129,192,252,236,194,172,214,164,204,199,247,146,257,131,204,333,241,178,212,250,279,262,242,367,143,203,229,304,258,341,130,328,207,206,278,164,142,189,158,157,146,244,236,271,223,179,240,221,267,143,233,129,317,155,156,169,329,237,182,251,239
2006-08-01,216,357,169,181,168,215,261,158,202,213,280,202,122,185,258,238,197,175,201,160,239,193,244,163,248,148,192,324,240,179,217,247,279,251,248,370,149,176,219,304,283,344,151,320,210,154,291,168,146,172,160,154,153,246,238,271,216,180,232,215,257,184,251,136,311,164,160,181,337,229,166,231,243
2006-09-01,200,356,183,170,166,211,266,163,259,229,281,213,135,194,264,233,203,167,181,177,198,214,253,163,255,156,197,322,246,173,199,250,282,249,247,366,145,180,228,285,256,352,144,318,209,136,313,171,145,182,139,153,126,239,236,276,225,188,231,218,243,NA,235,142,307,156,169,173,347,244,147,225,234
2006-10-01,198,361,170,197,176,225,273,170,268,222,271,192,129,182,261,241,187,173,216,164,199,215,260,142,267,150,206,329,255,169,213,253,284,255,264,373,161,191,226,303,261,344,138,332,210,153,302,184,145,220,175,161,153,246,236,278,214,177,241,228,252,142,244,145,316,165,171,178,338,242,174,240,241
2006-11-01,210,363,168,190,177,221,271,136,276,228,276,214,127,206,261,237,198,173,231,171,208,202,261,136,264,165,190,335,241,181,218,261,287,263,250,369,155,190,240,296,259,329,163,335,214,150,297,178,139,189,142,162,149,248,238,282,225,183,230,231,266,123,258,132,311,160,169,176,344,232,150,241,252
2006-12-01,216,363,180,185,182,217,278,148,272,225,267,202,136,193,261,241,209,181,217,173,188,183,269,169,272,173,188,339,247,177,226,254,289,253,261,379,164,192,244,316,268,338,162,332,219,142,329,177,143,183,158,174,143,252,233,282,219,197,234,204,265,NA,253,130,311,170,157,175,343,246,184,234,248
2007-01-01,207,361,159,169,168,228,274,144,253,225,299,224,136,201,270,247,199,177,214,177,234,181,262,161,259,143,209,337,255,181,212,277,289,268,256,382,169,204,232,308,277,321,150,340,211,143,294,183,141,193,162,150,145,246,239,288,222,184,252,220,266,148,257,140,309,165,171,181,354,244,130,248,255
2007-02-01,235,369,164,186,177,244,284,148,274,220,280,231,143,211,270,238,212,179,196,177,200,177,257,180,269,135,198,344,253,185,221,261,300,283,251,399,161,199,230,310,294,336,151,334,215,141,305,201,136,186,168,150,146,252,254,291,219,194,245,220,264,NA,275,129,310,179,162,177,390,237,198,251,255
2007-03-01,220,369,191,180,169,223,287,154,229,235,285,211,144,206,271,242,200,183,210,170,219,213,266,174,279,134,195,345,264,190,231,264,296,274,260,365,153,143,226,305,273,330,162,333,210,142,327,190,141,197,137,141,144,248,246,289,228,191,240,243,274,149,244,199,323,174,153,175,379,261,189,234,258
2007-04-01,213,369,179,180,178,252,276,138,232,223,288,217,125,213,267,243,226,178,206,177,229,211,281,160,281,NA,217,337,254,200,220,269,295,276,276,379,158,NA,227,324,272,341,149,346,217,147,308,189,149,210,160,156,154,272,235,294,230,190,234,250,273,158,264,119,316,172,158,185,360,261,190,249,260
2007-05-01,220,376,179,183,185,241,278,150,250,223,292,220,125,222,275,251,202,188,221,181,217,217,267,187,274,173,212,347,260,185,235,269,297,270,276,393,170,200,230,315,298,345,161,358,220,150,310,197,155,193,131,168,155,263,256,292,238,201,261,247,265,155,266,138,322,168,156,195,358,252,205,256,255
2007-06-01,234,380,183,195,176,240,275,153,249,236,299,228,142,194,272,242,211,189,207,182,204,193,273,166,282,146,208,347,268,199,226,271,299,292,268,395,171,207,235,318,277,337,156,357,217,174,314,194,153,201,158,174,155,250,231,297,230,197,268,232,272,142,266,137,329,179,169,199,372,258,197,254,251
2007-07-01,231,373,176,192,192,248,284,158,236,235,296,228,139,212,275,262,209,192,254,182,202,223,276,168,282,160,195,348,265,184,219,283,299,285,269,394,160,188,233,319,300,367,155,354,224,222,302,187,150,220,162,177,152,279,245,294,232,190,260,249,284,174,260,139,330,176,161,181,356,256,191,257,266
2007-08-01,232,382,186,169,177,243,280,146,241,235,303,224,139,202,283,242,220,193,226,179,268,193,286,181,281,NA,198,347,261,189,239,271,296,273,275,391,169,201,230,315,292,374,142,351,221,148,304,189,162,211,169,180,150,260,248,291,231,204,252,237,281,145,270,140,333,174,172,190,308,243,183,240,266
2007-09-01,246,377,182,189,210,258,279,157,279,235,308,229,124,225,268,261,225,184,239,179,217,198,290,182,275,149,203,352,268,208,240,298,301,280,277,401,154,212,230,331,299,332,156,345,224,156,322,196,157,218,163,152,175,249,240,301,237,190,253,216,277,NA,272,127,340,179,173,199,351,257,201,253,267
2007-10-01,228,387,168,190,199,248,284,154,288,242,307,227,142,216,274,247,214,196,217,188,229,225,277,174,271,NA,208,356,246,197,229,280,304,294,275,399,177,191,244,316,321,344,150,364,223,151,318,208,154,227,145,168,162,262,255,296,238,200,253,239,290,NA,282,144,319,184,187,185,362,269,214,255,263
2007-11-01,223,381,191,208,176,251,293,167,295,229,296,221,138,195,281,256,219,198,251,184,240,227,289,216,305,202,205,355,288,197,243,273,307,278,266,400,172,214,251,318,309,357,155,355,225,145,337,189,157,209,174,163,161,255,248,299,239,188,262,234,286,167,280,139,324,173,183,200,378,267,203,255,266
2007-12-01,232,388,156,201,181,271,286,155,255,245,316,231,137,203,282,258,233,198,265,182,256,201,293,168,304,169,214,364,263,190,233,279,309,282,275,412,172,201,259,325,339,340,176,382,231,151,328,220,161,234,170,180,160,263,257,306,213,193,279,249,290,NA,264,144,332,185,179,202,373,256,192,243,265
2008-01-01,235,384,178,208,193,238,299,173,278,233,312,232,123,226,284,265,234,191,220,186,209,216,294,187,288,189,205,351,282,199,237,283,309,290,279,411,174,215,242,339,302,339,168,349,228,145,315,205,161,214,161,175,168,271,251,313,240,192,282,241,291,170,285,138,325,182,187,191,379,268,280,234,262
2008-02-01,246,391,195,165,171,262,302,158,267,249,303,232,139,225,286,266,223,194,245,200,236,215,280,172,321,150,228,368,274,201,238,272,318,294,289,422,200,202,236,328,324,349,161,368,232,150,313,199,161,218,188,188,162,266,252,300,236,195,268,251,312,NA,270,139,340,198,169,191,419,254,179,255,273
2008-03-01,238,383,187,208,186,241,294,168,239,254,303,219,141,223,294,265,221,187,230,187,223,232,295,177,303,198,232,355,274,207,238,281,311,306,282,379,156,260,233,336,321,347,168,368,223,169,323,198,160,222,168,154,146,284,254,317,256,195,264,232,286,166,271,139,338,182,150,188,402,275,199,253,281
2008-04-01,250,388,213,175,205,257,289,169,258,243,312,233,141,225,284,263,226,194,244,199,242,235,292,161,303,150,215,366,276,199,234,280,314,296,289,410,170,219,237,327,312,349,184,368,233,164,339,228,171,227,177,177,175,276,263,311,237,196,292,256,287,160,277,157,338,194,160,202,390,269,215,246,275
2008-05-01,249,404,201,214,208,260,295,151,255,267,320,239,132,248,289,270,222,204,225,195,246,213,286,167,296,181,217,369,285,205,241,282,312,291,286,419,158,225,247,348,316,373,174,385,232,197,331,223,148,241,172,189,152,295,266,317,243,203,282,268,305,166,296,136,336,199,184,196,300,266,191,241,290
2008-06-01,255,394,203,192,196,257,292,157,271,252,318,241,151,222,282,276,238,205,246,195,220,225,297,182,304,167,229,374,285,207,238,277,314,306,294,421,185,225,240,324,318,362,166,377,227,198,336,218,158,238,153,187,149,267,262,305,248,202,287,257,290,167,288,145,342,204,177,196,390,282,216,253,271
2008-07-01,252,402,217,197,192,247,291,166,250,248,319,239,150,249,287,257,229,199,212,193,245,217,280,197,306,214,217,369,310,217,231,274,317,293,305,415,173,246,244,337,335,377,155,368,235,198,348,213,166,236,174,179,160,271,253,311,238,194,288,256,290,165,289,151,354,209,182,194,399,273,219,262,277
2008-08-01,258,394,215,206,193,258,298,178,243,235,311,238,152,216,282,274,226,212,224,189,242,229,289,167,298,254,217,367,289,210,251,291,314,301,290,419,164,210,244,320,338,387,185,371,237,165,312,221,171,259,195,196,159,276,246,307,251,205,287,238,284,166,280,144,339,195,199,196,377,262,229,257,276
2008-09-01,254,396,224,214,192,249,286,161,286,243,314,232,138,272,282,262,230,204,242,198,243,216,302,198,294,309,221,369,289,205,234,300,313,302,274,416,170,242,244,327,319,377,165,360,232,159,316,204,167,226,183,183,155,282,247,306,237,204,281,250,290,177,286,150,342,187,178,193,379,261,214,241,280
2008-10-01,253,396,218,169,191,246,296,153,286,246,303,227,140,238,286,269,233,212,262,196,211,224,297,182,312,275,218,367,284,202,240,287,314,301,283,415,172,200,269,330,310,348,180,347,230,157,327,227,159,250,182,195,166,278,261,303,245,218,286,269,277,159,266,155,341,188,179,195,377,265,191,251,272
2008-11-01,234,391,212,240,185,252,294,161,291,262,308,229,157,282,280,270,233,207,253,201,210,181,289,180,301,177,204,368,284,201,241,285,313,313,284,417,165,223,259,328,345,360,167,352,228,163,326,214,162,245,178,178,168,262,252,311,238,206,275,266,289,189,272,143,345,197,184,187,393,275,194,237,276
2008-12-01,245,387,249,188,205,246,291,170,269,235,307,236,136,234,287,281,232,198,242,209,222,202,311,186,309,164,206,368,318,206,242,279,312,292,293,420,175,228,261,317,336,341,167,361,228,161,318,204,168,237,174,196,156,274,256,300,253,204,277,259,295,167,278,147,341,198,183,196,398,273,181,259,268
2009-01-01,245,394,233,213,196,263,299,181,283,252,304,252,158,242,291,269,204,210,248,205,262,218,318,187,291,196,214,371,282,214,234,276,316,312,305,413,163,217,246,319,321,338,177,375,240,172,308,212,168,231,176,199,172,301,275,308,256,199,273,275,284,160,276,140,331,207,183,193,389,268,202,242,277
2009-02-01,244,405,212,177,186,266,303,174,289,241,313,258,140,236,298,268,218,203,210,200,231,211,302,174,323,NA,219,379,299,224,240,282,322,306,294,422,171,227,247,308,331,356,176,383,242,160,338,248,154,222,168,193,175,277,251,306,250,209,267,265,293,174,283,NA,341,207,182,195,399,279,219,277,276
2009-03-01,251,390,233,216,193,256,300,153,247,241,313,239,152,244,290,267,219,200,224,186,213,233,290,178,331,211,224,369,291,221,243,282,318,301,289,418,170,196,234,331,336,339,164,358,227,166,329,219,172,228,188,185,159,293,269,313,247,214,295,264,281,172,286,146,344,211,196,197,390,255,215,258,275
2009-04-01,236,392,198,200,193,246,291,167,259,250,305,249,153,245,287,278,227,193,216,197,192,226,297,159,317,212,223,374,299,205,240,272,312,299,292,376,194,204,239,352,326,328,180,354,230,169,316,226,165,247,181,203,150,309,269,308,248,209,288,266,275,174,298,141,337,206,186,196,397,264,186,259,270
2009-05-01,259,395,206,199,199,255,289,178,261,246,306,233,161,235,288,255,225,196,233,204,249,216,300,178,330,180,218,365,281,215,235,280,316,298,290,416,178,213,257,336,333,349,185,366,231,185,349,226,169,241,172,213,163,280,270,312,242,212,303,262,292,184,294,134,337,199,172,201,413,276,199,253,275
2009-06-01,247,401,237,214,191,235,284,165,283,255,312,240,166,232,290,273,221,202,218,202,214,234,301,158,310,161,224,363,301,218,246,279,315,293,294,423,182,222,244,334,338,364,163,353,235,225,301,207,154,219,191,193,172,293,277,313,249,201,270,264,276,151,266,134,345,210,208,194,392,275,214,265,279
2009-07-01,256,396,215,222,201,246,285,168,237,239,318,248,164,225,291,266,226,205,216,205,211,221,299,178,306,195,215,363,280,211,247,274,312,289,296,420,169,209,244,328,316,372,175,355,224,211,338,245,165,206,163,199,157,293,265,307,232,221,318,265,273,178,291,135,353,201,201,192,379,280,202,250,265
2009-08-01,234,388,263,208,184,231,290,163,264,246,316,233,148,257,285,267,232,194,207,199,254,223,290,178,296,195,219,364,280,214,242,291,311,297,290,397,160,200,247,337,326,354,154,364,229,190,328,222,163,239,183,193,173,302,245,308,254,211,265,255,288,175,275,146,339,220,176,196,379,266,201,255,278
2009-09-01,245,394,201,186,198,240,287,152,325,241,320,236,160,260,282,267,224,196,206,191,205,223,297,171,314,225,219,377,280,211,251,286,315,302,278,415,162,184,238,313,322,346,170,370,240,167,348,214,167,239,167,204,161,285,260,302,242,214,301,262,273,175,278,143,339,194,174,197,402,272,183,248,273
2009-10-01,248,393,226,188,185,255,287,165,306,237,314,237,162,257,281,264,231,205,248,202,236,219,299,163,302,205,216,368,279,216,240,281,314,303,292,421,167,219,268,321,330,344,166,356,227,139,332,213,166,240,183,218,164,286,270,310,243,218,289,251,282,168,283,150,338,201,174,181,389,261,204,267,272
2009-11-01,252,405,247,208,166,240,290,167,292,249,329,240,137,260,286,267,226,202,222,199,234,235,318,178,306,226,215,384,289,208,248,284,315,306,299,415,162,192,263,324,341,333,167,356,229,182,351,228,161,224,196,191,165,288,252,316,247,211,279,266,289,169,284,192,345,195,178,193,401,257,213,246,273
2009-12-01,233,401,214,206,191,259,289,161,284,247,306,241,175,243,292,279,229,198,206,209,235,218,308,179,320,157,208,374,281,208,241,288,319,288,292,428,165,222,262,336,331,334,166,359,237,169,336,214,176,218,200,195,168,286,273,312,239,210,289,267,290,193,278,145,340,203,175,201,405,283,228,295,291
2010-01-01,248,398,222,222,183,250,299,172,292,242,319,230,169,284,296,283,235,192,232,212,251,260,318,170,311,201,237,361,273,211,257,298,319,311,288,425,174,223,254,325,361,329,168,348,236,164,327,217,164,232,182,213,169,317,271,320,243,198,292,270,289,NA,285,157,344,204,184,201,408,280,202,276,275
2010-02-01,239,398,218,218,197,253,302,183,282,260,318,242,165,268,294,272,233,201,229,208,188,206,305,166,319,NA,218,390,286,230,250,276,327,294,302,421,169,223,250,334,342,354,172,369,237,179,317,211,198,209,178,181,159,268,261,317,240,219,314,267,299,166,284,149,339,208,192,210,443,262,225,248,279
2010-03-01,256,394,249,226,202,237,298,166,244,242,323,240,152,270,291,271,231,209,208,187,239,237,304,179,317,264,221,376,280,223,234,287,318,311,298,389,180,219,244,347,338,351,152,370,243,178,343,224,165,245,201,215,172,301,253,320,251,209,293,272,296,168,290,149,352,212,190,198,386,272,200,263,272
2010-04-01,243,403,224,208,180,248,302,162,255,230,330,237,165,267,291,282,229,202,228,207,191,239,323,169,304,127,219,382,285,226,247,283,325,313,302,430,195,219,254,336,317,346,179,379,227,170,337,218,171,267,202,192,159,300,268,319,257,218,286,267,301,171,281,160,354,209,180,189,419,277,173,269,274
2010-05-01,263,413,211,209,200,245,291,176,254,247,322,242,167,264,291,270,234,193,215,212,253,215,315,183,317,200,222,383,276,232,239,292,321,313,294,432,183,226,248,344,329,341,190,382,237,172,354,196,160,228,167,200,165,305,263,318,254,222,287,250,304,171,285,142,355,209,162,210,416,280,231,267,271
2010-06-01,261,422,224,235,200,264,286,170,251,247,324,247,170,248,289,285,233,202,249,210,217,255,306,180,300,161,222,384,282,224,268,278,321,315,293,422,250,235,256,344,329,345,176,370,232,221,327,204,157,242,190,202,167,296,265,318,251,213,294,263,305,175,285,152,358,211,186,197,404,284,210,251,277
2010-07-01,260,411,242,223,195,239,292,186,245,237,333,244,160,251,294,280,228,210,217,209,216,231,301,176,311,229,224,380,269,219,247,294,323,319,290,438,192,225,253,337,356,374,193,366,244,192,343,222,172,235,177,200,161,295,274,318,246,209,293,268,296,190,303,159,353,192,200,202,387,272,190,269,285
2010-08-01,232,412,237,222,184,237,291,182,273,255,327,245,171,249,295,275,234,198,217,216,232,237,319,165,309,NA,229,382,275,222,245,288,320,301,297,421,171,210,259,358,334,314,177,371,238,147,326,218,167,241,180,194,178,285,264,319,256,217,273,270,296,193,287,148,356,200,198,199,406,273,216,271,271
2010-09-01,247,411,251,257,186,238,294,172,340,244,317,231,163,235,292,269,234,208,237,209,221,258,309,184,305,181,215,382,267,236,251,294,324,306,290,426,184,230,271,340,348,359,171,386,238,150,340,197,165,250,193,207,169,302,267,318,251,216,315,268,311,173,295,183,355,208,194,197,396,264,229,271,268
2010-10-01,252,403,267,232,188,243,307,181,326,240,350,231,169,269,292,269,230,204,230,211,208,210,308,181,303,188,228,385,267,232,242,280,325,320,287,439,207,239,274,336,327,365,182,375,247,163,347,202,180,225,182,216,167,292,262,324,256,218,283,257,314,165,288,153,361,205,191,188,391,286,215,272,277
2010-11-01,243,413,255,208,203,245,296,184,306,255,345,249,169,256,290,275,230,210,237,217,232,237,314,183,311,179,249,386,266,221,252,277,327,311,291,442,182,195,266,330,361,341,172,378,239,178,334,205,162,222,216,200,160,293,263,319,259,214,286,272,304,170,299,159,357,219,193,197,418,269,224,266,283
2010-12-01,264,419,224,217,185,230,301,149,295,239,320,245,154,251,301,285,222,201,246,207,285,252,314,164,310,201,224,388,276,231,261,295,329,288,292,443,201,233,266,340,361,349,187,362,238,154,375,221,165,246,209,231,167,311,272,325,251,215,306,303,311,165,295,149,350,214,191,194,401,288,198,260,276
2011-01-01,256,401,259,258,206,256,312,179,309,265,339,244,178,249,297,277,243,207,242,208,226,243,314,176,315,NA,255,385,271,228,251,295,329,284,299,452,177,218,261,341,322,376,161,372,247,181,333,207,170,258,190,211,170,305,262,321,250,218,301,241,313,187,288,150,366,221,195,213,413,283,214,267,292
2011-02-01,246,419,249,205,196,235,321,176,297,258,338,252,174,260,300,288,223,211,225,212,257,227,314,169,317,191,226,401,272,238,258,303,338,284,298,444,172,212,263,339,351,366,178,399,249,175,356,203,168,241,182,208,167,303,274,330,255,232,313,298,308,181,307,148,363,209,178,208,418,278,216,409,277
2011-03-01,254,420,272,230,194,248,323,177,276,260,342,253,190,259,300,285,231,210,244,203,232,254,315,186,320,172,242,395,277,227,236,291,337,313,290,421,170,215,250,355,345,341,178,385,241,163,334,206,171,245,174,219,166,304,263,324,248,217,284,262,319,180,297,167,366,213,188,209,429,284,214,281,275
2011-04-01,260,427,267,220,196,245,332,172,285,245,333,237,179,281,297,272,232,211,266,219,226,229,311,177,316,210,241,396,273,237,254,298,334,315,303,438,206,242,258,349,355,376,175,397,251,164,348,203,176,238,185,186,177,314,265,327,263,231,294,274,323,194,288,161,373,225,207,202,405,291,256,265,277
2011-05-01,266,440,259,224,199,247,317,177,268,264,340,257,159,291,304,284,234,205,232,214,224,233,304,187,323,197,228,406,277,234,257,304,336,316,296,461,183,242,261,383,335,375,179,403,242,184,365,205,170,248,191,254,173,308,274,334,254,226,293,288,329,184,310,145,370,223,185,201,400,287,221,270,281
2011-06-01,256,429,274,207,193,233,309,179,273,251,326,242,186,259,299,281,228,216,228,221,262,226,330,162,309,178,238,394,278,215,257,287,332,317,290,452,208,202,259,368,343,372,180,393,247,203,375,205,170,253,185,228,168,296,269,323,244,235,289,259,321,183,295,151,378,222,191,204,397,292,222,281,281
2011-07-01,267,439,266,222,201,266,315,172,264,261,353,257,164,256,295,282,215,212,231,222,232,234,325,171,309,202,221,404,264,245,247,289,335,294,300,476,219,208,254,353,343,372,165,385,250,202,348,210,175,221,191,226,186,303,280,328,252,227,302,273,341,179,295,155,367,230,194,203,375,294,250,259,285
2011-08-01,254,433,264,247,197,232,312,165,309,253,352,253,175,274,293,277,224,210,233,209,257,225,317,164,319,211,238,398,272,222,257,298,332,296,298,442,177,224,254,353,356,327,187,386,255,196,373,208,173,238,214,201,172,314,265,325,248,234,303,258,319,190,300,164,373,208,192,205,397,283,216,279,282
2011-09-01,280,432,246,232,207,238,319,182,346,245,334,248,179,253,296,280,239,212,241,221,235,234,310,173,329,167,245,405,276,232,252,289,335,301,304,466,197,232,254,354,346,368,177,396,246,180,390,231,168,247,213,197,178,306,287,326,259,227,307,279,330,168,301,152,369,225,204,204,402,299,212,272,280
2011-10-01,276,431,280,206,202,242,317,163,342,247,346,258,177,252,292,288,238,198,256,213,221,224,323,175,311,185,231,412,273,225,251,297,332,310,283,469,188,214,247,368,337,369,193,377,248,181,401,215,166,238,188,225,161,298,267,328,247,226,291,279,337,191,288,161,375,200,190,201,400,301,233,283,272
2011-11-01,265,442,253,236,189,233,312,178,335,257,352,263,181,262,294,304,251,199,221,212,254,237,332,178,314,224,232,397,271,226,257,283,336,308,300,445,199,228,265,383,347,356,178,394,255,154,386,212,170,232,212,198,164,305,281,334,259,221,307,278,327,234,280,155,370,212,184,206,400,279,160,275,291
2011-12-01,267,440,248,250,224,250,314,175,300,250,326,255,175,263,305,285,227,216,238,218,250,230,320,181,337,191,247,404,277,238,253,304,342,298,301,470,197,232,275,345,344,387,188,382,249,165,382,213,169,256,186,203,176,308,269,336,257,243,301,275,358,146,310,158,386,226,NA,208,417,285,225,274,280
2012-01-01,260,445,266,212,206,246,331,183,291,260,341,258,199,274,309,281,255,202,218,221,254,236,324,178,320,287,245,405,277,230,253,297,343,318,299,460,206,219,277,356,350,349,201,376,251,159,413,220,175,264,194,225,171,308,283,339,251,245,289,273,348,171,301,140,375,225,198,212,429,291,214,279,284
2012-02-01,297,439,265,222,210,245,339,188,302,256,342,273,174,270,309,294,244,213,257,207,260,212,331,185,329,161,237,411,287,243,257,296,349,334,305,458,182,209,262,362,368,350,165,409,261,177,385,218,170,257,199,194,175,302,282,331,271,222,286,259,337,199,285,168,373,232,197,220,434,280,217,275,287
2012-03-01,275,433,289,227,175,244,345,188,286,250,345,263,179,258,298,291,241,209,256,198,251,242,322,177,315,247,233,411,282,226,261,298,348,316,300,473,192,220,266,354,346,348,184,399,246,181,397,241,171,238,197,204,188,313,271,320,252,233,285,283,346,179,291,164,378,219,266,206,428,287,228,268,283
2012-04-01,276,445,257,224,188,275,340,185,289,253,352,260,176,245,298,296,228,208,236,214,240,247,320,183,318,188,264,413,277,233,261,286,347,316,306,419,205,228,262,382,346,368,186,415,253,176,366,225,178,236,193,213,179,324,307,339,259,235,316,288,346,172,302,143,386,231,202,206,425,293,239,279,281
2012-05-01,280,462,294,227,180,250,346,208,288,262,355,255,176,246,299,284,234,213,282,215,229,244,332,189,324,208,240,410,284,244,255,305,349,317,304,472,211,227,270,381,334,368,186,410,262,168,411,231,172,244,219,224,165,323,282,340,256,239,292,274,369,197,305,165,383,236,184,203,422,281,228,285,288
2012-06-01,271,444,285,227,207,259,354,183,281,267,341,259,173,272,297,278,252,195,272,212,289,236,325,197,313,145,241,417,290,241,257,286,345,321,301,464,192,226,264,365,360,369,178,389,267,200,399,208,165,247,182,193,176,318,278,332,253,243,289,283,364,235,297,158,392,236,195,217,399,283,220,276,280
2012-07-01,284,446,253,233,199,257,345,182,287,255,352,257,180,288,301,301,235,202,254,209,220,218,328,189,321,250,253,419,279,239,266,294,344,304,301,461,192,232,264,375,356,396,177,401,255,222,400,225,173,235,202,212,180,324,294,332,253,247,286,294,371,191,295,155,389,246,195,209,388,287,229,278,291
2012-08-01,275,443,275,238,196,253,342,200,343,265,352,257,171,264,293,282,244,210,231,215,238,252,330,188,330,235,250,411,285,245,254,295,345,305,307,468,241,224,259,376,347,376,181,393,258,176,435,215,171,228,192,226,167,310,277,330,258,247,301,282,357,153,289,159,388,222,194,209,391,284,244,270,291
2012-09-01,275,447,330,246,181,235,359,220,338,249,343,258,174,249,298,296,240,224,252,225,238,258,328,180,308,264,248,419,272,241,257,300,348,301,294,470,215,230,267,376,369,357,185,409,256,194,383,224,174,205,198,216,173,301,301,332,261,247,305,296,367,222,307,162,394,212,194,212,381,294,219,281,285
2012-10-01,291,446,286,224,184,245,359,187,336,274,360,266,186,261,294,286,235,211,244,215,241,250,327,182,322,205,254,426,279,236,261,314,351,310,310,479,211,223,277,370,341,370,194,417,260,171,396,217,178,266,182,228,175,317,297,341,261,267,298,280,360,199,280,166,396,223,190,209,402,280,235,269,289
2012-11-01,288,456,256,227,184,247,357,214,350,256,354,259,157,252,306,281,233,213,282,222,230,239,335,186,305,213,256,420,280,236,248,298,352,311,309,469,198,232,288,369,361,370,186,429,252,169,415,216,169,249,209,211,181,311,278,342,249,234,304,275,379,197,308,169,398,232,NA,210,412,284,254,277,288
2012-12-01,282,442,276,220,196,242,363,200,312,273,348,268,190,258,309,290,235,207,268,201,NA,259,333,188,317,201,240,425,270,239,240,296,352,314,294,498,176,234,288,380,327,372,162,423,257,170,477,215,170,240,200,234,168,314,290,337,257,234,296,326,387,197,298,NA,399,240,211,187,421,290,302,292,294
2013-01-01,284,451,248,262,225,256,371,214,325,260,355,265,170,249,312,300,237,205,305,215,249,230,329,173,311,258,229,428,277,239,255,323,359,315,319,492,192,222,276,388,359,358,171,403,259,167,409,224,182,263,207,214,161,313,291,338,262,250,327,290,399,191,310,160,388,237,202,213,428,294,242,287,295
2013-02-01,289,459,277,264,210,255,382,209,318,253,361,256,195,256,315,300,220,219,206,224,269,254,315,179,337,227,275,426,272,232,275,292,364,315,334,490,192,262,274,388,358,366,197,412,241,160,465,208,173,245,212,188,167,341,272,333,262,267,295,281,407,195,305,147,398,229,195,206,428,286,268,284,276
2013-03-01,303,446,264,252,181,260,380,184,299,262,350,261,171,261,316,282,233,198,272,215,298,250,328,192,314,214,247,423,281,236,247,298,361,314,302,481,196,NA,256,374,341,369,182,427,255,172,463,219,170,240,177,204,181,325,285,328,258,238,297,290,396,236,300,160,398,227,205,211,443,288,235,276,325
2013-04-01,308,453,256,274,191,256,382,200,296,259,360,278,185,288,301,286,244,212,282,220,258,251,324,185,333,182,230,429,289,240,262,301,357,313,330,444,206,232,261,388,360,390,195,403,251,178,400,232,179,251,181,234,175,322,275,337,260,244,319,283,380,212,295,165,390,225,206,202,434,287,231,281,291
2013-05-01,292,458,248,233,189,266,388,198,278,270,368,259,176,247,308,307,234,213,271,224,233,253,326,181,319,198,251,428,289,236,266,303,360,317,322,485,180,223,267,400,349,384,185,427,256,180,415,215,184,260,198,215,169,305,290,346,254,247,306,300,417,219,302,166,401,228,204,206,425,288,242,272,286
2013-06-01,295,460,260,246,185,267,395,190,295,261,361,275,177,263,310,283,249,215,277,220,274,256,336,184,333,247,253,437,285,234,255,295,364,314,325,498,207,237,273,406,380,385,174,435,260,188,436,217,170,246,201,228,165,341,280,337,270,253,303,284,410,202,305,215,403,230,189,205,412,296,240,264,293
2013-07-01,287,459,246,265,207,258,388,211,284,254,374,258,179,257,303,296,237,201,256,221,286,235,314,192,328,227,243,433,287,239,258,299,357,293,323,483,207,226,267,389,346,412,180,431,252,173,461,211,165,248,192,223,172,308,281,340,261,260,308,290,391,209,300,166,404,235,200,194,405,283,254,284,291
2013-08-01,292,452,252,261,191,276,391,187,307,264,370,259,194,238,309,279,230,226,312,222,233,255,350,180,331,NA,249,429,294,232,261,301,358,301,330,474,213,216,263,397,368,379,177,419,249,189,402,221,167,253,180,216,182,326,268,343,265,256,302,299,390,210,290,171,407,230,186,205,409,287,210,261,300
2013-09-01,299,464,236,230,194,243,402,194,326,250,390,263,174,259,313,282,238,212,302,221,242,249,332,170,324,277,240,433,276,250,270,309,362,303,331,486,185,190,273,395,357,353,171,425,254,175,481,220,184,249,210,219,163,327,283,335,270,257,307,288,404,175,313,165,401,239,212,207,409,285,211,280,290
2013-10-01,298,454,253,251,207,268,413,184,359,252,370,273,187,267,318,298,252,212,282,229,280,246,335,183,330,180,255,434,280,238,254,296,364,307,321,491,212,234,280,402,341,405,167,436,262,205,415,227,165,240,205,227,168,320,280,344,264,251,299,283,418,209,303,160,411,238,188,194,407,291,255,263,292
2013-11-01,312,457,248,261,198,260,400,193,358,263,374,269,190,255,318,284,243,215,283,220,240,242,334,165,321,209,240,437,285,236,265,298,367,302,332,502,194,224,290,391,359,391,189,422,253,162,442,239,174,263,195,212,168,317,287,351,264,261,306,290,377,209,319,163,407,229,215,213,405,306,266,268,292
2013-12-01,309,468,253,229,188,277,392,218,348,253,357,259,185,250,316,279,244,204,NA,225,NA,236,354,200,303,209,269,433,297,248,262,317,366,312,372,510,190,250,297,383,351,387,185,421,262,182,435,242,181,238,193,217,177,324,277,348,262,262,339,299,403,205,307,166,396,256,182,208,425,299,223,287,293
2014-01-01,314,467,250,292,192,263,410,200,344,274,391,266,197,251,321,319,240,217,296,225,NA,264,352,171,330,241,271,434,282,233,272,304,374,313,335,495,198,236,271,405,372,386,177,432,259,177,462,222,182,252,198,207,176,316,278,354,266,272,319,296,405,209,320,182,414,267,198,220,444,302,232,271,305
2014-02-01,315,467,254,261,199,276,429,202,343,259,400,271,197,266,328,301,238,215,300,221,297,247,353,176,334,190,246,438,292,238,252,306,381,326,337,501,187,213,273,394,360,409,171,446,263,162,449,221,177,227,211,219,166,337,296,342,275,267,316,295,398,214,301,181,418,247,182,215,462,301,241,274,287
2014-03-01,302,468,262,221,200,274,419,186,302,267,375,252,191,254,323,293,250,211,252,200,239,255,333,180,337,329,259,442,279,242,270,315,377,310,331,480,184,209,270,398,358,397,192,441,258,174,467,217,171,270,200,231,177,330,279,348,277,264,324,278,409,224,313,171,410,227,244,203,448,284,258,279,281
2014-04-01,307,459,257,254,203,293,429,185,315,269,396,262,180,256,309,288,254,222,315,223,258,252,349,192,286,158,269,444,293,243,273,316,374,302,323,474,195,NA,272,402,353,405,223,453,247,178,467,230,177,260,177,201,174,328,286,357,266,262,307,322,435,244,320,171,420,240,190,216,453,305,226,275,294
2014-05-01,309,475,242,273,216,270,424,194,302,252,397,262,205,268,311,291,237,224,271,228,278,220,346,179,336,185,237,445,294,252,272,302,377,314,334,513,206,251,278,397,358,409,190,458,256,195,484,207,178,243,203,226,177,341,283,353,286,278,307,294,420,243,315,175,421,256,211,210,436,310,269,273,292
2014-06-01,315,491,219,292,199,271,422,199,296,265,400,280,182,262,315,297,239,217,297,236,261,275,342,166,327,231,235,447,281,249,287,299,374,326,341,503,204,228,277,414,353,393,187,437,255,172,430,234,181,249,211,225,172,324,286,364,280,264,295,312,424,214,326,NA,415,249,188,212,427,305,254,273,294
2014-07-01,296,474,247,252,202,281,422,205,285,258,377,265,194,242,315,286,245,227,304,223,293,251,348,182,323,220,263,444,296,246,267,304,371,309,317,473,206,200,271,403,364,427,187,446,260,248,453,228,179,253,204,227,193,328,288,358,279,272,315,307,406,239,310,172,429,230,212,211,412,293,259,289,285
2014-08-01,309,474,251,232,205,292,422,200,331,259,380,260,206,281,305,288,278,206,310,214,252,264,338,174,306,277,260,455,281,257,264,303,372,313,330,484,198,198,279,418,356,412,192,437,255,160,460,245,182,248,196,233,175,314,293,350,275,274,311,298,377,208,320,184,425,244,214,215,423,282,232,280,292
2014-09-01,318,474,233,221,198,292,428,184,377,272,406,267,184,249,314,298,244,215,283,225,258,247,334,194,325,215,262,451,288,242,271,301,377,311,335,500,189,234,282,383,355,414,177,473,262,171,425,231,190,268,198,239,178,322,285,356,272,279,319,298,394,249,334,170,423,252,200,212,420,290,240,278,296
2014-10-01,327,481,244,216,213,260,427,199,353,258,398,273,191,258,317,291,240,207,282,222,266,254,347,171,307,194,292,452,295,239,271,306,377,325,330,502,208,216,290,414,362,376,184,451,259,174,483,239,184,260,209,239,175,324,286,355,268,272,310,294,427,214,323,178,431,234,196,216,426,302,263,260,302
2014-11-01,301,488,231,273,199,297,406,205,361,265,399,254,196,257,319,294,254,218,307,219,263,255,324,187,332,219,270,454,290,245,275,303,376,316,323,501,225,229,301,431,381,394,197,467,260,180,455,223,171,219,218,233,176,329,278,364,258,271,298,299,385,237,326,170,435,247,208,206,422,311,322,274,294
2014-12-01,310,495,220,274,218,271,400,261,338,275,388,265,187,253,321,329,255,226,302,216,276,255,343,185,319,NA,268,467,289,250,264,316,387,323,359,526,206,219,288,411,372,407,193,463,267,182,493,242,181,274,201,217,194,353,275,363,285,288,337,303,403,215,332,177,443,238,184,203,453,305,NA,277,288
2015-01-01,305,492,243,292,281,292,432,186,361,269,398,253,195,266,320,297,252,220,297,232,263,267,360,190,334,268,273,461,296,224,273,317,389,329,332,520,210,245,296,408,368,412,191,449,265,178,486,217,186,262,212,224,186,348,290,366,297,270,303,297,408,245,346,204,434,257,203,223,454,317,253,283,304
2015-02-01,316,505,237,249,188,294,436,186,346,265,423,275,203,259,337,306,253,222,292,220,264,256,346,197,313,226,265,472,298,253,286,311,399,326,340,520,198,240,279,419,385,413,190,452,269,156,473,218,198,297,185,234,180,356,298,374,280,276,326,311,423,232,340,195,448,231,178,210,456,311,309,287,293
2015-03-01,329,497,222,248,203,291,420,202,308,265,421,275,209,245,325,305,260,231,263,209,318,284,356,176,330,284,262,470,303,265,285,312,397,319,343,529,195,250,276,436,375,435,185,484,261,184,476,234,183,279,190,188,216,326,305,373,281,278,307,292,439,209,336,175,445,240,210,205,479,322,285,285,302
2015-04-01,337,498,212,268,196,306,411,222,310,276,413,264,187,251,322,299,260,219,340,233,277,281,354,168,333,253,257,455,308,257,277,308,395,324,334,535,236,221,283,425,378,453,195,474,262,178,480,225,191,282,207,253,174,335,268,378,278,294,326,315,412,234,336,169,435,236,196,214,459,318,280,306,308
2015-05-01,329,511,219,266,215,289,407,188,300,283,424,282,186,254,323,292,271,231,298,235,274,269,361,190,332,270,296,468,303,240,311,327,390,326,330,524,205,231,268,438,380,467,181,473,269,230,478,238,172,262,236,238,177,343,301,375,289,292,318,297,434,306,340,169,448,259,185,219,423,314,284,303,299
2015-06-01,314,510,204,258,241,297,412,202,296,271,415,275,179,264,323,300,245,224,365,232,301,287,357,191,337,226,281,471,298,258,279,305,394,321,321,530,204,211,285,456,385,440,193,489,276,183,455,231,191,242,191,224,180,333,291,385,294,280,315,327,421,271,327,166,442,246,199,218,454,318,305,300,308
2015-07-01,304,508,210,283,192,299,399,196,308,273,420,285,177,257,322,281,255,231,308,223,NA,282,353,184,334,227,275,478,299,248,283,320,392,334,341,523,217,215,274,465,372,473,190,477,273,242,462,250,188,277,214,209,195,342,295,385,283,293,320,294,399,236,345,203,450,221,226,221,422,328,214,291,312
2015-08-01,311,508,224,246,211,285,396,198,339,265,417,277,207,259,320,305,255,226,316,227,266,273,336,176,331,220,257,481,296,262,284,317,391,327,337,542,204,220,286,452,372,456,179,502,261,170,458,235,199,297,221,229,187,320,281,390,297,278,319,321,399,237,343,172,450,240,196,227,432,313,244,285,312
2015-09-01,328,509,188,272,210,303,395,206,369,288,410,268,169,240,338,300,261,232,309,229,259,292,357,197,323,257,264,488,300,260,297,312,393,337,331,530,210,212,306,469,366,352,194,480,272,190,427,240,184,257,213,247,176,343,298,390,263,292,333,306,399,261,343,190,457,228,195,217,416,344,253,286,311
2015-10-01,314,516,196,250,196,291,395,220,389,269,435,286,196,266,332,302,266,230,276,228,254,285,345,199,329,268,282,494,295,248,290,326,398,340,355,536,226,217,302,456,367,459,173,474,277,200,437,232,195,281,207,235,174,335,280,387,279,283,306,333,392,238,326,175,465,258,186,209,415,317,251,292,314
2015-11-01,326,515,192,268,213,298,387,202,374,272,436,272,237,254,341,305,262,221,235,233,321,291,343,167,341,275,283,498,307,259,288,324,399,338,344,563,199,232,303,431,369,456,179,491,273,182,471,228,210,265,216,236,177,347,287,393,273,284,318,311,404,241,350,199,458,255,228,231,444,328,273,303,329
2015-12-01,318,514,185,254,220,317,388,207,351,286,429,277,211,268,337,306,254,240,344,226,245,277,365,195,350,244,274,484,302,247,289,312,398,359,329,539,215,254,303,443,385,460,202,485,286,181,417,235,204,260,237,230,187,340,299,405,291,290,307,314,396,224,354,180,459,261,201,220,440,344,238,309,329
2016-01-01,314,515,192,269,216,328,410,204,369,268,431,277,224,275,352,354,257,235,292,230,304,279,348,177,344,268,264,485,300,253,301,313,403,338,346,534,207,241,293,448,391,457,177,487,282,199,468,246,196,264,214,240,180,357,308,415,299,284,317,312,422,224,322,180,456,234,199,222,459,314,232,281,331
2016-02-01,321,539,214,245,190,295,422,207,361,288,427,270,185,273,342,310,259,229,296,213,NA,278,372,199,348,200,314,475,303,258,282,327,416,334,350,548,215,242,288,473,412,513,190,509,292,195,441,257,221,279,219,216,191,349,300,404,301,282,329,346,404,246,355,173,459,256,217,225,488,356,217,316,331
2016-03-01,309,521,204,279,254,301,403,193,325,287,436,280,202,271,351,312,285,238,301,221,258,322,365,179,353,274,262,487,310,250,295,329,413,350,332,559,258,228,289,460,382,502,204,487,277,181,477,244,212,268,241,220,179,332,302,411,303,276,338,331,383,218,338,202,458,243,202,229,483,336,266,296,325
2016-04-01,325,524,205,270,227,322,392,221,335,283,449,270,201,248,341,316,256,239,358,242,292,301,364,196,332,282,292,489,311,260,310,325,411,325,337,551,201,232,284,462,373,492,169,505,288,189,466,249,201,300,258,219,181,367,309,416,311,283,344,336,417,240,367,209,470,265,198,238,484,363,261,303,324
2016-05-01,327,540,202,286,229,325,388,238,298,281,459,296,217,262,353,312,278,242,305,242,249,291,379,192,341,284,288,490,303,273,292,340,413,354,343,536,226,248,292,475,392,539,186,495,297,181,484,240,204,291,197,225,182,353,302,427,302,285,318,332,396,209,366,172,468,264,230,226,460,355,256,296,332
2016-06-01,332,521,182,262,238,324,383,202,320,294,449,284,189,259,343,318,273,241,311,233,278,290,373,210,346,306,311,495,320,258,286,340,406,321,321,549,209,223,293,463,365,529,200,534,292,256,428,230,206,334,229,238,168,342,312,427,307,316,336,324,407,221,357,185,483,240,191,224,451,381,259,311,333
